"demoID","sipasID","username","subjectID","study_ID","school","sequence_order","demo_datetime","responseID","condition_value","response_iter","response_text","Resp_tot","Mental_terms_tot","Ment_stat_just_tot","Com_first_resp","response_datetime","lagtime_ms","accessCode","itemID","userID","sesID","dreamID","startDate","endDate","participantID","X"
463,133174,"3208",NA,"12SPlizzie","noSchool","DHFEBCAG","6/7/18 12:37",4167,"A",2,"peter didn't want his aunt to be hurt by his opinion and he didn't want her to get mad at whatever he would've said.",1,"4",1,1,"6/7/18 12:48",1518,"FASCPILOT2",1976,16629,"rqoraj8a3oh6v5k356ek31khs3","pub_ZeOLqQuVHS","6/7/18 12:37","6/7/18 12:37","3208",1
435,133121,"3116",NA,"12SPlizzie","noSchool","ADCEGBHF","6/6/18 10:15",3771,"A",1,"Peter lies about her hat being very nice. In fact he thinks it is a ugly and terrible hat. He lies because he doesn't want to hurt his Aunts feelings towards her personally and towards the hat.",1,"5",1,1,"6/6/18 10:18",1616,"FASCPILOT2",1976,16251,"v3n30ncedbeqaclhvo1ejoj6l5","pub_1CIi0-1jaJ","6/6/18 10:15","6/6/18 10:15","3116",NA
429,133115,"3120",NA,"12SPlizzie","noSchool","DAEHBFGC","6/6/18 10:12",3764,"A",1,"Peter tells Aunt Jane that he likes her hat but he really doesn't. Although he didn't mean it, he didn't want to hurt his aun's feelings.",1,"4",1,1,"6/6/18 10:16",1683,"FASCPILOT2",1976,16244,"ouvdcskpa7a95al1io1l8fi3q1","pub_r2g~nfPUq-","6/6/18 10:12","6/6/18 10:12","3120",NA
448,133138,"3112",NA,"12SPlizzie","noSchool","DBHECAGF","6/6/18 12:53",3945,"A",1,"Peter probably didn't want to hurt his aunt's feelings",1,"2",1,1,"6/6/18 13:00",1172,"FASCPILOT2",1976,16419,"tmdla8cakh4fp01mrng9cgk6s1","pub_TRrkcAV5tw","6/6/18 12:52","6/6/18 12:53","3112",1
422,133052,"3001",NA,"12SPlizzie","noSchool","CBDHGAEF","6/4/18 11:57",3708,"A",1,"Peter lies about liking her hat because he doesn't want to hurt her feelings.",1,"4",1,1,"6/4/18 12:06",6978,"FASCPILOT2",1976,16081,"656agm2d5ftef1r4pa36gsfbn6","pub_BAxLs34pY1","6/4/18 11:57","6/4/18 11:57","3001",NA
470,133181,"3202",NA,"12SPlizzie","noSchool","HBAFEGCD","6/7/18 12:37",4074,"A",1,NA,NA,NA,NA,NA,"6/7/18 12:40",2171,"FASCPILOT2",1976,16628,"kumlkotdvetn92v8as1ke5b3l1","pub_CS-0CJ5tsU","6/7/18 12:37","6/7/18 12:37","3202",NA
389,132764,"2907",NA,"12SPlizzie","noSchool","AEGDBFHC","5/23/18 11:21",3391,"A",1,"Peter does that so he doesn't sound mean. H probably doesnt want to hurt his aunts feelings",1,"3",1,1,"5/23/18 11:22",1923,"FASCPILOT2",1976,15780,"g4nts3jek8bpcj2qfc8m6o2j34","pub_T00as@6KHd","5/23/18 11:21","5/23/18 11:21","2907",NA
339,120875,"2215",NA,"12SPlizzie","noSchool","BHFGACDE","12/8/17 12:31",2948,"A",1,"Because he doesn't want to be rude.",1,"2",1,1,"12/8/17 12:38",1381,"FASCPILOT2",1976,14238,"gebhk9jjd6g8gv9at7itb1f2m0","pub_CqP5XJtq2c","12/8/17 12:30","12/8/17 12:31","2215",NA
460,133170,"3218",NA,"12SPlizzie","noSchool","GCAFDBEH","6/7/18 11:20",4038,"A",1,"he doent want o be mean",1,"2",1,1,"6/7/18 11:24",2139,"FASCPILOT2",1976,16588,"76epsmgvnjpev7j032dnmdurq2","pub_PxYC97HEDu","6/7/18 11:20","6/7/18 11:20","3218",1
462,133173,"3207",NA,"12SPlizzie","noSchool","HFBEDGAC","6/7/18 12:36",4172,"A",1,"Patty was talking to Peter about Aunt Jane's new hat and that it looked ugly. So, when Aunt Jane come back, Peter doesn't want to hurt her feelings so he lied.",1,"3",1,1,"6/7/18 12:48",1629,"FASCPILOT2",1976,16621,"0fg3ugfqo9212sfof15n76hnh2","pub_gcSyG60Ik_","6/7/18 12:36","6/7/18 12:36","3207",NA
406,133035,"3026",NA,"12SPlizzie","noSchool","GBHACEDF","6/4/18 10:29",3593,"A",1,"Peter tells his Aunt that her new hat is nice because he may not want to her her feelings since he was so excited to her and he doesn't want to ruin the day she came to visit them.",1,"4",1,1,"6/4/18 10:45",1565,"FASCPILOT2",1976,15980,"fr789mvhv8p2puluh70jbsnpm2","pub_IbpoGPeI8G","6/4/18 10:29","6/4/18 10:29","3026",NA
350,121002,"2314",NA,"12SPlizzie","noSchool","ACEGBFDH","12/13/17 11:41",3067,"A",1,"Peter does not like Aunt Jane's hat but does not directly mention it to her, as it may hurt her feelings. Essentially he lies to keep Aunt Jane's feelings unhurt.",1,"4",1,1,"12/13/17 11:42",2775,"FASCPILOT2",1976,14370,"hoo5p2o1eq9o7ln3ncopq53hv2","pub_QE6K6eptu1","12/13/17 11:40","12/13/17 11:41","2314",NA
421,133051,"3005",NA,"12SPlizzie","noSchool","FDHCGBEA","6/4/18 11:46",3702,"A",1,"peter does lie to his aunt since he didn't want to be rude and tell her his honest opinion about the hat since he could've hurt her feelings",1,"4",1,1,"6/4/18 11:55",845,"FASCPILOT2",1976,16067,"gigkdveo6ta2b9cn26ql7s1cq6","pub_yxDfDtvfug","6/4/18 11:46","6/4/18 11:46","3005",1
461,133172,"3212",NA,"12SPlizzie","noSchool","ABCHFEGD","6/7/18 12:36",4045,"A",1,NA,NA,NA,NA,NA,"6/7/18 12:37",12610,"FASCPILOT2",1976,16619,"dqi7l5igjk4gt6lgii9fn0fce1","pub_j_kJ_6IYIA","6/7/18 12:36","6/7/18 12:36","3212",NA
359,121014,"2303",NA,"12SPlizzie","noSchool","CBGHEFDA","12/13/17 12:41",3199,"A",1,"He tells his aunt a lie so he won't hurt her feelings.",1,"2",1,1,"12/13/17 13:02",1313,"FASCPILOT2",1976,14388,"47b408el5fneqpob850hlos9i6","pub_BKb-HRVwzC","12/13/17 12:41","12/13/17 12:41","2303",NA
459,133169,"3220",NA,"12SPlizzie","noSchool","EAGFBDCH","6/7/18 10:57",4027,"A",1,"to hurt her feelings",1,"1",1,0,"6/7/18 11:01",2968,"FASCPILOT2",1976,16561,"20ndikueedk1ag6bb2t3r29ju5","pub_BIG5vlSIST","6/7/18 10:57","6/7/18 10:57","3220",NA
362,121018,"2315",NA,"12SPlizzie","noSchool","HEBACFGD","12/13/17 12:52",3165,"A",1,"so that the aunt doesnt feel bad",1,"1",1,1,"12/13/17 12:55",1019,"FASCPILOT2",1976,14393,"12f010hqpduq4041rnfel08d24","pub_nr2f2IIJrT","12/13/17 12:52","12/13/17 12:52","2315",NA
401,133030,"3019",NA,"12SPlizzie","noSchool","GDECHFBA","6/4/18 10:11",3564,"A",1,"I think peter says that to Aunt Jane because he does not want to hurt her feelings.",1,"2",1,1,"6/4/18 10:35",1194,"FASCPILOT2",1976,15943,"aljbunp92f49q8ag278cor7gh6","pub_~Uiau55O97","6/4/18 10:11","6/4/18 10:11","3019",NA
414,133043,"3032",NA,"12SPlizzie","noSchool","EHCGDBFA","6/4/18 10:53",3642,"A",1,"Peter lies to his aunt about the hat because Peter didn't want to hurt his aunts' feelings.",1,"3",1,1,"6/4/18 11:09",2545,"FASCPILOT2",1976,16002,"qujsjsihtc2ipuugujfvqd2322","pub_P8CT6iK_f9","6/4/18 10:52","6/4/18 10:53","3032",NA
460,133170,"3218",NA,"12SPlizzie","noSchool","GCAFDBEH","6/7/18 11:20",4039,"A",2,NA,NA,NA,NA,NA,"6/7/18 11:24",3120,"FASCPILOT2",1976,16635,"tff2tru6h4uspk50roqhpu9lu1","pub_CW~r@4Uhqk","6/7/18 12:40","6/7/18 12:40","3218",1
443,133132,"3018",NA,"12SPlizzie","noSchool","AHDBCEFG","6/6/18 12:40",3887,"A",1,"Peter tells his Aunt Jane that her hat is nice, even though earlier he had told the young girl next to him that it was not nice. I can infer that Peter did this because he did not want to hurt his Aunt Jane's feelings.",1,"2",1,1,"6/6/18 12:41",2208,"FASCPILOT2",1976,16028,"rln6art2rocuj92p286uttl8p2","pub_clb3HQ-LoB","6/4/18 11:20","6/4/18 11:20","3018",NA
466,133177,"3205",NA,"12SPlizzie","noSchool","GHCDFAEB","6/7/18 12:37",4104,"A",1,"there aunt hat was so ugly but they didnt want to her her because they dont want to hurt her feelings or dont want to be honest.",1,"5",1,1,"6/7/18 12:42",830,"FASCPILOT2",1976,16624,"q7jq8058f0ql9gekhbu0mamfa5","pub_CnN-vcElsR","6/7/18 12:37","6/7/18 12:37","3205",NA
440,133129,"3115",NA,"12SPlizzie","noSchool","AEHBCFGD","6/6/18 10:41",3831,"A",1,"i think peter does what he does in the story because he wants to be nice and respectful to his aunt.",1,"3",1,1,"6/6/18 10:43",6138,"FASCPILOT2",1976,16286,"vp49pk7qkdta738ncq9qbdk491","pub_w-Wo0Y8dw3","6/6/18 10:41","6/6/18 10:41","3115",1
432,133118,"3121",NA,"12SPlizzie","noSchool","GDABCEFH","6/6/18 10:14",3769,"A",1,"He doesn't want to tell his aunt the truth and probably hurt her feelings.
",1,"3",1,1,"6/6/18 10:17",2081,"FASCPILOT2",1976,16248,"9qde74sdiucdq0st57it6nra61","pub_zFp4EyB9Bo","6/6/18 10:14","6/6/18 10:14","3121",NA
474,133185,"3215",NA,"12SPlizzie","noSchool","GDCFHEBA","6/7/18 12:39",4196,"A",1,"Peter doesn't want to insult his aunt",1,"2",1,1,"6/7/18 12:51",1558,"FASCPILOT2",1976,16634,"i12gv5p9lhpckup02puf0cnn62","pub_@UcloF4L@H","6/7/18 12:38","6/7/18 12:38","3215",NA
409,133038,"3028",NA,"12SPlizzie","noSchool","FDHBECGA","6/4/18 10:38",3605,"A",1,"Peter lies to her aunt stating that the hat was nice . WHen in reality he was discussing it ugly and he lied in order for his aunty not to feel bad. ",1,"3",1,1,"6/4/18 10:50",2193,"FASCPILOT2",1976,15990,"lo9sadl6d9oohoh1s1il8d4a94","pub_Hv3bX-cHkB","6/4/18 10:38","6/4/18 10:38","3028",NA
363,121019,"2301",NA,"12SPlizzie","noSchool","GFCAEBHD","12/13/17 12:55",3187,"A",1,"They didn't like the hat but said it was nice anyway because Peter didn't want to hurt Jane's feelings.",1,"3",1,1,"12/13/17 12:59",1401,"FASCPILOT2",1976,14396,"n7ckof7o23n47agnb1d0lkdrg7","pub_mzHdk6uv2Q","12/13/17 12:55","12/13/17 12:55","2301",NA
430,133116,"3117",NA,"12SPlizzie","noSchool","GCDHEBFA","6/6/18 10:13",3798,"A",1,"He does this because he doesn't want to hurt his aunt's feelings because in reality he thinks its ugly",1,"3",1,1,"6/6/18 10:25",1185,"FASCPILOT2",1976,16245,"uedsjjp5ffnhh88mqivbd9roi1","pub_vg4UoppMWa","6/6/18 10:13","6/6/18 10:13","3117",NA
375,129434,"JEB_TEST_7",NA,"12SPlizzie","noSchool","ACEDHBGF","4/17/18 15:29",3282,"A",1,"TEST_TEST_TEST",NA,NA,NA,NA,"4/17/18 15:29",419,"FASCPILOT2",1976,15077,"l8m37se9f36npqs429t6lep723","pub_-ZedS2Rp54","4/17/18 15:28","4/17/18 15:29","JEB_TEST_7",NA
449,133139,"3103",NA,"12SPlizzie","noSchool","DCBGHEAF","6/6/18 12:53",3972,"A",1,"To not make his aunt feel bad since he missed her",1,"2",1,1,"6/6/18 13:06",1556,"FASCPILOT2",1976,16420,"vk2slm6u86fnq2bagj430cgbo4","pub_MZPrhUcvVi","6/6/18 12:52","6/6/18 12:53","3103",1
419,133048,"3018",NA,"12SPlizzie","noSchool","GFDEBCAH","6/4/18 11:20",3680,"A",1,"Peter does what she does in the story because he does not want to be rude to her aunt, since they have not seen her in a while.",NA,NA,NA,NA,"6/4/18 11:34",1242,"FASCPILOT2",1976,16404,"83416p2o9jg42e01vp3k4f8ou1","pub_Nblz_c4ekG","6/6/18 12:39","6/6/18 12:39","3018",NA
448,133138,"3112",NA,"12SPlizzie","noSchool","DBHECAGF","6/6/18 12:53",3945,"A",1,"Peter probably didn't want to hurt his aunt's feelings",1,"2",1,1,"6/6/18 13:00",1172,"FASCPILOT2",1976,16430,"u4k9vakfhd95qqjkrtc2djpk00","pub_pob89EygF2","6/6/18 13:04","6/6/18 13:04","3112",1
352,121004,"2310",NA,"12SPlizzie","noSchool","DEFBGACH","12/13/17 11:41",3102,"A",1,"Because he doesn't want to hurt her feelings.",1,"2",1,1,"12/13/17 11:47",1339,"FASCPILOT2",1976,14373,"5ie6grdh1dkgcfpvabrmo2p0e0","pub_n9jVmuxp9J","12/13/17 11:41","12/13/17 11:41","2310",NA
473,133184,"3213",NA,"12SPlizzie","noSchool","BHDCAEGF","6/7/18 12:38",4077,"B",1,"So they can ask her something.",1,"0",0,0,"6/7/18 12:41",12061,"FASCPILOT2",1976,16632,"0v7eltggn64micdm0qplusdvt7","pub_h4jaW6p8vf","6/7/18 12:38","6/7/18 12:38","3213",NA
441,133130,"3113",NA,"12SPlizzie","noSchool","CDAEFBHG","6/6/18 10:47",3872,"B",2,"They could have a really mean thing to say to her and want to embarrass her in front of everyone else with their question for her. ",1,"3",1,1,"6/6/18 10:59",347,"FASCPILOT2",1976,16292,"b2t1u9uince7b6mgssccoeav24","pub_URLjeY8ZPD","6/6/18 10:47","6/6/18 10:47","3113",1
359,121014,"2303",NA,"12SPlizzie","noSchool","CBGHEFDA","12/13/17 12:41",3159,"B",1,"They ask the girl in front something because they're very bored from hiking for awhile.",1,"1",1,0,"12/13/17 12:49",4048,"FASCPILOT2",1976,14388,"47b408el5fneqpob850hlos9i6","pub_BKb-HRVwzC","12/13/17 12:41","12/13/17 12:41","2303",NA
409,133038,"3028",NA,"12SPlizzie","noSchool","FDHBECGA","6/4/18 10:38",3591,"B",1,"Debra and Karen do they do in this story to show curiousity in the plot the faces on characters looked confused and bored so they asked a fellow girl something to help them.",1,"3",1,1,"6/4/18 10:44",2265,"FASCPILOT2",1976,15990,"lo9sadl6d9oohoh1s1il8d4a94","pub_Hv3bX-cHkB","6/4/18 10:38","6/4/18 10:38","3028",NA
412,133041,"3031",NA,"12SPlizzie","noSchool","GEDFAHBC","6/4/18 10:45",3644,"B",1,"Since Debra and Karen are probably lost because they have been hiking for a long time and see that girl in front of them and asks her for direction.",1,"0",0,1,"6/4/18 11:11",1180,"FASCPILOT2",1976,15995,"9t8v5rpc6qmg2ah4gbb8b6ds94","pub_iPsQGldsBQ","6/4/18 10:44","6/4/18 10:45","3031",1
447,133137,"3102",NA,"12SPlizzie","noSchool","BDEGFHCA","6/6/18 12:45",3899,"B",1,"They saw her walking alone and wanted to as her to walk with them.",1,"1",1,1,"6/6/18 12:47",2796,"FASCPILOT2",1976,16414,"ktoal7nl85gu2kt6aaccnecfj2","pub_1PtBCzbo_n","6/6/18 12:45","6/6/18 12:45","3102",NA
476,133187,"3216",NA,"12SPlizzie","noSchool","EGCDHABF","6/7/18 12:39",4210,"B",1,"they wanted to tell her something that was mean,,",1,"2",1,1,"6/7/18 12:56",864,"FASCPILOT2",1976,16637,"3okh2ofpv7kp1imspnebhk9gb6","pub_r-CsgY_oMS","6/7/18 12:39","6/7/18 12:39","3216",1
361,121017,"2302",NA,"12SPlizzie","noSchool","FHCBAGDE","12/13/17 12:52",3190,"B",3,"They want  to make fun of her",1,"2",1,1,"12/13/17 12:59",366,"FASCPILOT2",1976,14394,"j4s1bkmkt25bg0gggfatafq0s2","pub_bU8ItRxBmV","12/13/17 12:52","12/13/17 12:52","2302",NA
443,133132,"3018",NA,"12SPlizzie","noSchool","AHDBCEFG","6/6/18 12:40",3891,"B",1,"Maybe Debra and Karen call the girl in front of them because she was alone, and they were walking through the wood for hours.",1,"0",0,1,"6/6/18 12:44",1674,"FASCPILOT2",1976,16028,"rln6art2rocuj92p286uttl8p2","pub_clb3HQ-LoB","6/4/18 11:20","6/4/18 11:20","3018",NA
449,133139,"3103",NA,"12SPlizzie","noSchool","DCBGHEAF","6/6/18 12:53",3947,"B",1,"To start a conversation and make a new friend.",1,"0",0,1,"6/6/18 13:00",1669,"FASCPILOT2",1976,16420,"vk2slm6u86fnq2bagj430cgbo4","pub_MZPrhUcvVi","6/6/18 12:52","6/6/18 12:53","3103",1
420,133049,"3017",NA,"12SPlizzie","noSchool","AGCHFDBE","6/4/18 11:26",3691,"B",1,"Debra and Karen do what they do in story because maybe they want to mess with the girl have a little fun.",1,"3",1,1,"6/4/18 11:41",27369,"FASCPILOT2",1976,16033,"1ohtbj7qi86pp0oa2ffq8bq7p4","pub_Gjd_QZ2zbG","6/4/18 11:26","6/4/18 11:26","3017",NA
396,132771,"2912",NA,"12SPlizzie","noSchool","CEFDAHGB","5/23/18 11:44",3481,"B",1,"They probably will stay back of the group with the girl",1,"0",0,0,"5/23/18 11:59",1311,"FASCPILOT2",1976,15812,"vstfnoctvqivkd8u8avqmrlll4","pub_~DRX7B2Fg4","5/23/18 11:44","5/23/18 11:44","2912",NA
448,133138,"3112",NA,"12SPlizzie","noSchool","DBHECAGF","6/6/18 12:53",3926,"B",1,"Debra and Karen probably don't where they are going so they decide to ask the girl in front of them.",NA,NA,NA,NA,"6/6/18 12:55",2303,"FASCPILOT2",1976,16430,"u4k9vakfhd95qqjkrtc2djpk00","pub_pob89EygF2","6/6/18 13:04","6/6/18 13:04","3112",1
458,133168,"3219",NA,"12SPlizzie","noSchool","FDGAHBCE","6/7/18 10:54",4021,"B",1,NA,NA,NA,NA,NA,"6/7/18 10:59",1486,"FASCPILOT2",1976,16560,"9phh0jdgppemgop8rnq9hvbfg3","pub_6HkxOqfZjq","6/7/18 10:54","6/7/18 10:54","3219",NA
464,133175,"3204",NA,"12SPlizzie","noSchool","GFDCBAHE","6/7/18 12:37",4200,"B",1,"Debra and Karen look like they were trying to ask the girl in front of her to see where they were at because they said that they were walking for a long time. so she tapped on the other girls shoulder asking where was she at but then gave her a weird look",1,"0",0,1,"6/7/18 12:52",1843,"FASCPILOT2",1976,16623,"jsu37imc0qeof0idd70c5deau5","pub_9LO2M20wkj","6/7/18 12:36","6/7/18 12:37","3204",NA
405,133034,"3024",NA,"12SPlizzie","noSchool","DAFCHEBG","6/4/18 10:27",3578,"B",3,"They are going to talk to the girl in the woods because they could be possibly lost because it said they were walking for a long time.",NA,NA,NA,NA,"6/4/18 10:39",957,"FASCPILOT2",1976,15976,"jkfsngbb3ugje31hiok4s80806","pub_hwTAMeUfzw","6/4/18 10:27","6/4/18 10:27","3024",NA
450,133140,"3109",NA,"12SPlizzie","noSchool","GHACFBED","6/6/18 12:55",3959,"B",2,"They might want to pick her and tell her something they know about her and she doesn't",1,"2",1,1,"6/6/18 13:03",1586,"FASCPILOT2",1976,16422,"kvanpgm77fa64na654jti28c90","pub_njSvAJWQaa","6/6/18 12:54","6/6/18 12:54","3109",NA
413,133042,"3029-redo",NA,"12SPlizzie","noSchool","BADHGCEF","6/4/18 10:49",3613,"B",1,"In this story Debra and Karen are talking about a girl in front of them and then they stop the girl and ask her a question. They did this because they wanted to ask the girl why she was wearing sandals if they were going on a hike. They probably just want",1,"2",1,1,"6/4/18 10:53",2066,"FASCPILOT2",1976,15999,"38h1fjrhrsm8eu2kbeb196fok5","pub_Gq1NJ2BDGZ","6/4/18 10:49","6/4/18 10:49","3029-redo",NA
395,132770,"2905",NA,"12SPlizzie","noSchool","CEGBAHDF","5/23/18 11:44",3461,"B",2,"They could probably be wanting to ask her if she has any money.",1,"1",1,1,"5/23/18 11:50",486,"FASCPILOT2",1976,15811,"eajk9ck2ealdsd4q9eojjg7643","pub_382JZTvvA4","5/23/18 11:44","5/23/18 11:44","2905",NA
449,133139,"3103",NA,"12SPlizzie","noSchool","DCBGHEAF","6/6/18 12:53",3954,"B",5,"To ask abut something they may be curious about.",1,"1",1,0,"6/6/18 13:01",8140,"FASCPILOT2",1976,16420,"vk2slm6u86fnq2bagj430cgbo4","pub_MZPrhUcvVi","6/6/18 12:52","6/6/18 12:53","3103",1
352,121004,"2310",NA,"12SPlizzie","noSchool","DEFBGACH","12/13/17 11:41",3089,"B",1,"They want to ask the girl in front a question.",1,"1",1,0,"12/13/17 11:45",1444,"FASCPILOT2",1976,14373,"5ie6grdh1dkgcfpvabrmo2p0e0","pub_n9jVmuxp9J","12/13/17 11:41","12/13/17 11:41","2310",NA
450,133140,"3109",NA,"12SPlizzie","noSchool","GHACFBED","6/6/18 12:55",3957,"B",1,"Maybe they want to ask her a question or ask for something",2,"1",1,0,"6/6/18 13:02",2462,"FASCPILOT2",1976,16422,"kvanpgm77fa64na654jti28c90","pub_njSvAJWQaa","6/6/18 12:54","6/6/18 12:54","3109",NA
435,133121,"3116",NA,"12SPlizzie","noSchool","ADCEGBHF","6/6/18 10:15",3815,"B",1,"They were going to tell the girl up front something nasty and bully her. But Karen didn't like the idea so she just avoided the plan and make a new friend.",1,"3",1,1,"6/6/18 10:32",1354,"FASCPILOT2",1976,16251,"v3n30ncedbeqaclhvo1ejoj6l5","pub_1CIi0-1jaJ","6/6/18 10:15","6/6/18 10:15","3116",NA
388,132763,"2909",NA,"12SPlizzie","noSchool","GACEFBDH","5/23/18 11:20",3409,"B",1,"they do that because they are going to ask the woman a question",1,"0",0,0,"5/23/18 11:26",1367,"FASCPILOT2",1976,15779,"nlf0tufai8mbf0f4srhi9b3ai5","pub_kVAwe0mdbs","5/23/18 11:20","5/23/18 11:20","2909",NA
341,120877,"2211",NA,"12SPlizzie","noSchool","FCABHDGE","12/8/17 12:33",2972,"B",1,"They want to make a new friend.",1,"1",1,0,"12/8/17 12:41",1638,"FASCPILOT2",1976,14241,"aqclvgvfeilr1lr69k748trj96","pub_mZ-ss1IgRU","12/8/17 12:33","12/8/17 12:33","2211",NA
433,133119,"3122",NA,"12SPlizzie","noSchool","FCDABEGH","6/6/18 10:14",3806,"B",1,"Im not sure why they did what they did. It seemed as if they were trying to get her to find a way to let them go.",1,"0",0,0,"6/6/18 10:29",2424,"FASCPILOT2",1976,16249,"qsu60cal0j3shtbfbh11n1qsg6","pub_OFUM7EKGyC","6/6/18 10:14","6/6/18 10:14","3122",NA
443,133132,"3018",NA,"12SPlizzie","noSchool","AHDBCEFG","6/6/18 12:40",3891,"B",1,"Maybe Debra and Karen call the girl in front of them because she was alone, and they were walking through the wood for hours.",NA,NA,NA,NA,"6/6/18 12:44",1674,"FASCPILOT2",1976,16404,"83416p2o9jg42e01vp3k4f8ou1","pub_Nblz_c4ekG","6/6/18 12:39","6/6/18 12:39","3018",NA
472,133183,"3209",NA,"12SPlizzie","noSchool","ABCEGDFH","6/7/18 12:37",4069,"B",1,"To know more information about where they are going ",1,"1",1,1,"6/7/18 12:40",3134,"FASCPILOT2",1976,16626,"ci26fiqoummej1dlar6udmm4l3","pub_92FQp2s3HI","6/7/18 12:37","6/7/18 12:37","3209",NA
332,120866,"2209",NA,"12SPlizzie","noSchool","BDFHCAEG","12/8/17 11:16",2863,"B",1,"They want to know what she is thinking",1,"3",1,0,"12/8/17 11:17",4987,"FASCPILOT2",1976,14220,"bb3psupbruiup6o8p6248erp43","pub_fnMEUAiKmJ","12/8/17 11:16","12/8/17 11:16","2209",NA
440,133129,"3115",NA,"12SPlizzie","noSchool","AEHBCFGD","6/6/18 10:41",3842,"B",1,"i think these girls did what they did because the girl in the front could had been new and they wanted to introduce themselves to her.",1,"1",1,1,"6/6/18 10:46",3515,"FASCPILOT2",1976,16286,"vp49pk7qkdta738ncq9qbdk491","pub_w-Wo0Y8dw3","6/6/18 10:41","6/6/18 10:41","3115",1
333,120867,"0",NA,"12SPlizzie","noSchool","DHEGABFC","12/8/17 11:18",2874,"B",1,"sdfds",NA,NA,NA,NA,"12/8/17 11:18",747,"FASCPILOT2",1976,14221,"q8qlkgsrcskp4segcuhqlg1b23","pub_D8NIZkItkK","12/8/17 11:18","12/8/17 11:18","0",NA
381,132755,"2919",NA,"12SPlizzie","noSchool","DCHFABGE","5/23/18 10:08",3339,"B",2,"Debra and Karen were maybe lost in the woods so they thought about asking the girl that was in front of them.",1,"1",1,1,"5/23/18 10:19",616,"FASCPILOT2",1976,15700,"5r4sr0m273pb7af9d8a4mk4mb6","pub_DpmgVtzp7V","5/23/18 10:07","5/23/18 10:07","2919",NA
407,133036,"3027",NA,"12SPlizzie","noSchool","ACGFHBED","6/4/18 10:30",3566,"B",1,"they dont want to get lost in the woods",1,"1",1,0,"6/4/18 10:35",2096,"FASCPILOT2",1976,15982,"v527cipd76jeh05ejsa8d9n166","pub_T4_W8~3Iax","6/4/18 10:29","6/4/18 10:29","3027",NA
448,133138,"3112",NA,"12SPlizzie","noSchool","DBHECAGF","6/6/18 12:53",3933,"B",2,"They probably know her and want to ask a question regarding an irrelevant topic",1,"2",1,0,"6/6/18 12:56",4040,"FASCPILOT2",1976,16419,"tmdla8cakh4fp01mrng9cgk6s1","pub_TRrkcAV5tw","6/6/18 12:52","6/6/18 12:53","3112",1
345,120881,"2204",NA,"12SPlizzie","noSchool","CEBFAHGD","12/8/17 12:39",2984,"B",1,"They wanted to ask the girl in front of them a question",1,"1",1,0,"12/8/17 12:42",2273,"FASCPILOT2",1976,14247,"d6ssemjet63jgaiqgq86mo2422","pub_8py63J0zxo","12/8/17 12:39","12/8/17 12:39","2204",NA
363,121019,"2301",NA,"12SPlizzie","noSchool","GFCAEBHD","12/13/17 12:55",3181,"C",1,"She didn't want to get in trouble for breaking the vase so she blamed the dog.",1,"2",1,1,"12/13/17 12:58",1902,"FASCPILOT2",1976,14396,"n7ckof7o23n47agnb1d0lkdrg7","pub_mzHdk6uv2Q","12/13/17 12:55","12/13/17 12:55","2301",NA
415,133044,"3016",NA,"12SPlizzie","noSchool","GACFBHDE","6/4/18 11:11",3670,"C",1,"The girl does what she does in this story because since she broke her mother vase she panic and blame it on the dog. She didn't take the blame probably because she would get grounded and be restricted from some things such as playing with friends etc. So,",NA,NA,NA,NA,"6/4/18 11:27",4077,"FASCPILOT2",1976,16015,"se6lvcgn88iq0o64864ap80kc6","pub_MmYS84JXQq","6/4/18 11:11","6/4/18 11:11","3016",1
364,121020,"2305",NA,"12SPlizzie","noSchool","BECHGDAF","12/13/17 12:57",3178,"C",1,NA,NA,NA,NA,NA,"12/13/17 12:58",1169,"FASCPILOT2",1976,14397,"iscgcmelj9itpi54n4tibui3s3","pub_tF9rphrLpp","12/13/17 12:56","12/13/17 12:56","2305",NA
380,132754,"2914",NA,"12SPlizzie","noSchool","DCFHGEAB","5/23/18 10:07",3322,"C",1,"The girl blames that the vase broke because of the dog, she does this to hide the truth that she was the on who broke the vase.",1,"2",1,0,"5/23/18 10:10",1540,"FASCPILOT2",1976,15698,"i7vfejlvq0up2g0c5l759fj0m4","pub_LpZOe~5~g~","5/23/18 10:07","5/23/18 10:07","2914",NA
471,133182,"3206",NA,"12SPlizzie","noSchool","EBHDGACF","6/7/18 12:37",4188,"C",1,"The girl blamed her dog because she didn't want to get into to trouble with her mom and since dogs don't speak she blamed the dog.",1,"3",1,1,"6/7/18 12:50",1450,"FASCPILOT2",1976,16631,"939sr1gvpot45fvm6rjjaq7u32","pub_d1ihudbUSm","6/7/18 12:37","6/7/18 12:37","3206",NA
443,133132,"3018",NA,"12SPlizzie","noSchool","AHDBCEFG","6/6/18 12:40",3895,"C",1,"She does what she did because while she had been dancing she bumped into the vase, breaking it so when her mother came home she didn't wanna get in trouble so she blamed it on the dog.",1,"2",1,1,"6/6/18 12:46",850,"FASCPILOT2",1976,16028,"rln6art2rocuj92p286uttl8p2","pub_clb3HQ-LoB","6/4/18 11:20","6/4/18 11:20","3018",NA
408,133037,"3025",NA,"12SPlizzie","noSchool","GDEHCFAB","6/4/18 10:30",3581,"C",1,"The girl tells the older lady that the dog broke the vase because she doesn't want to get in trouble.",1,"1",1,1,"6/4/18 10:40",1367,"FASCPILOT2",1976,15984,"55oredj9c034pmrm5juodgcmj7","pub_Yg1zrcfyyV","6/4/18 10:30","6/4/18 10:30","3025",NA
389,132764,"2907",NA,"12SPlizzie","noSchool","AEGDBFHC","5/23/18 11:21",3417,"C",1,"she broke the vase and didn't want to get in trouble so she blamed it on her dog",1,"2",1,1,"5/23/18 11:27",918,"FASCPILOT2",1976,15780,"g4nts3jek8bpcj2qfc8m6o2j34","pub_T00as@6KHd","5/23/18 11:21","5/23/18 11:21","2907",NA
401,133030,"3019",NA,"12SPlizzie","noSchool","GDECHFBA","6/4/18 10:11",3540,"C",1,"The girl blames the shattered vase on the dog because of the fact that she simply does not want to be reprimanded for her actions.",1,"2",1,1,"6/4/18 10:26",1768,"FASCPILOT2",1976,15943,"aljbunp92f49q8ag278cor7gh6","pub_~Uiau55O97","6/4/18 10:11","6/4/18 10:11","3019",NA
474,133185,"3215",NA,"12SPlizzie","noSchool","GDCFHEBA","6/7/18 12:39",4114,"C",1,"Because the girl's mom blame the girl for breaking when it was their dog",1,"1",1,0,"6/7/18 12:43",1072,"FASCPILOT2",1976,16634,"i12gv5p9lhpckup02puf0cnn62","pub_@UcloF4L@H","6/7/18 12:38","6/7/18 12:38","3215",NA
366,122174,"0",NA,"12SPlizzie","noSchool","CHGEBDFA","1/18/18 11:44",3214,"C",1,"she's bad",1,"1",1,0,"1/18/18 11:46",105886,"FASCPILOT2",1976,14221,"q8qlkgsrcskp4segcuhqlg1b23","pub_D8NIZkItkK","12/8/17 11:18","12/8/17 11:18","0",NA
443,133132,"3018",NA,"12SPlizzie","noSchool","AHDBCEFG","6/6/18 12:40",3895,"C",1,"She does what she did because while she had been dancing she bumped into the vase, breaking it so when her mother came home she didn't wanna get in trouble so she blamed it on the dog.",NA,NA,NA,NA,"6/6/18 12:46",850,"FASCPILOT2",1976,16404,"83416p2o9jg42e01vp3k4f8ou1","pub_Nblz_c4ekG","6/6/18 12:39","6/6/18 12:39","3018",NA
394,132769,"2908",NA,"12SPlizzie","noSchool","GBEDAFCH","5/23/18 11:43",3476,"C",1,"She was dancing and moved closer to the vase and broke it accidentally and when her mother came home she blamed it on the dog so she would not get in trouble.",1,"1",1,1,"5/23/18 11:57",699,"FASCPILOT2",1976,15810,"qin0cldhlofu3ktkl777c0oc16","pub_OqA8e7vIj9","5/23/18 11:43","5/23/18 11:43","2908",NA
345,120881,"2204",NA,"12SPlizzie","noSchool","CEBFAHGD","12/8/17 12:39",2970,"C",2,NA,NA,NA,NA,NA,"12/8/17 12:40",3338,"FASCPILOT2",1976,14247,"d6ssemjet63jgaiqgq86mo2422","pub_8py63J0zxo","12/8/17 12:39","12/8/17 12:39","2204",NA
418,133047,"3007",NA,"12SPlizzie","noSchool","EHGAFBDC","6/4/18 11:17",3665,"C",1,"She doesn't want to get in trouble",1,"1",1,1,"6/4/18 11:24",605,"FASCPILOT2",1976,16022,"69iqrc95ltkqfspj9itkhcbj75","pub_LmnTjBpDGk","6/4/18 11:17","6/4/18 11:17","3007",NA
345,120881,"2204",NA,"12SPlizzie","noSchool","CEBFAHGD","12/8/17 12:39",2969,"C",1,"When the girl broke the vase she didn't want her mother to get mad at her, so she blamed it on the dog.",1,"3",1,1,"12/8/17 12:40",3005,"FASCPILOT2",1976,14247,"d6ssemjet63jgaiqgq86mo2422","pub_8py63J0zxo","12/8/17 12:39","12/8/17 12:39","2204",NA
424,133054,"3003",NA,"12SPlizzie","noSchool","AHFBCGDE","6/4/18 12:38",3724,"C",1,"She does what she does in the story because she doesn't want to get in trouble, an d is probably afraid of what her mom might do.",1,"2",1,1,"6/4/18 12:46",1123,"FASCPILOT2",1976,16121,"ja9h5bqndin8u8ttavu2ighmn3","pub_rOCeCZVhL2","6/4/18 12:38","6/4/18 12:38","3003",NA
337,120873,"2216",NA,"12SPlizzie","noSchool","HFBGAECD","12/8/17 12:30",2953,"C",1,"The girl is dancing for either fun or practice.",1,"0",0,0,"12/8/17 12:38",1829,"FASCPILOT2",1976,14237,"dvgbj7isqejags3tuv6gratfe7","pub_cG6of4XduE","12/8/17 12:30","12/8/17 12:30","2216",NA
340,120876,"2214",NA,"12SPlizzie","noSchool","AHFGEBDC","12/8/17 12:31",3019,"C",1,"The girl blames the vase breaking on the dog, even though it was her fault, because she doesn't want to get in trouble for it.",1,"2",1,1,"12/8/17 12:46",1547,"FASCPILOT2",1976,14239,"bk68o4iraraa92lae1gu79mbt7","pub_ykRzLmzxp~","12/8/17 12:31","12/8/17 12:31","2214",NA
460,133170,"3218",NA,"12SPlizzie","noSchool","GCAFDBEH","6/7/18 11:20",4037,"C",1,"so she doent get yelled at",NA,NA,NA,NA,"6/7/18 11:23",4413,"FASCPILOT2",1976,16635,"tff2tru6h4uspk50roqhpu9lu1","pub_CW~r@4Uhqk","6/7/18 12:40","6/7/18 12:40","3218",1
384,132759,"2916",NA,"12SPlizzie","noSchool","FECGAHDB","5/23/18 10:33",3360,"C",1,"So she doesn't get in trouble by her mother.",1,"0",0,1,"5/23/18 10:37",939,"FASCPILOT2",1976,15736,"5m70nqrk201jmqc8v5kjv4mmk1","pub_bTRQpZB6go","5/23/18 10:33","5/23/18 10:33","2916",NA
387,132762,"2911",NA,"12SPlizzie","noSchool","DGBFEHAC","5/23/18 11:18",3411,"C",1,"The girl got carried away with the dancing and broke something, so she blamed the dog. ",1,"1",1,0,"5/23/18 11:26",770,"FASCPILOT2",1976,15776,"aj2fiehv75rmrh6svvfinkajb6","pub_ENLynF2HMy","5/23/18 11:18","5/23/18 11:18","2911",NA
461,133172,"3212",NA,"12SPlizzie","noSchool","ABCHFEGD","6/7/18 12:36",4059,"C",1,NA,NA,NA,NA,NA,"6/7/18 12:39",38057,"FASCPILOT2",1976,16619,"dqi7l5igjk4gt6lgii9fn0fce1","pub_j_kJ_6IYIA","6/7/18 12:36","6/7/18 12:36","3212",NA
383,132758,"2913",NA,"12SPlizzie","noSchool","GFCHADEB","5/23/18 10:30",3352,"C",2,"She was just having fun",1,"1",1,0,"5/23/18 10:35",1374,"FASCPILOT2",1976,15733,"f4nei50el4qabnacua2si65eq1","pub_dgiGhO1D~o","5/23/18 10:30","5/23/18 10:30","2913",NA
335,120869,"0",NA,"12SPlizzie","noSchool","ABHGDEFC","12/8/17 11:20",2898,"C",1,NA,NA,NA,NA,NA,"12/8/17 11:21",967,"FASCPILOT2",1976,14221,"q8qlkgsrcskp4segcuhqlg1b23","pub_D8NIZkItkK","12/8/17 11:18","12/8/17 11:18","0",NA
412,133041,"3031",NA,"12SPlizzie","noSchool","GEDFAHBC","6/4/18 10:45",3648,"C",1,"The girl is dancing and doesn't watch where she is and breaks the vase and when her mother comes back, she blames that the dog did it so she won't get into trouble. ",1,"1",1,1,"6/4/18 11:15",1014,"FASCPILOT2",1976,15995,"9t8v5rpc6qmg2ah4gbb8b6ds94","pub_iPsQGldsBQ","6/4/18 10:44","6/4/18 10:45","3031",1
420,133049,"3017",NA,"12SPlizzie","noSchool","AGCHFDBE","6/4/18 11:26",3684,"C",2,"She also does this because she doesn't want to get in trouble so she blames it on the dog since it is the easy way out.",1,"2",0,1,"6/4/18 11:36",2870,"FASCPILOT2",1976,16033,"1ohtbj7qi86pp0oa2ffq8bq7p4","pub_Gjd_QZ2zbG","6/4/18 11:26","6/4/18 11:26","3017",NA
352,121004,"2310",NA,"12SPlizzie","noSchool","DEFBGACH","12/13/17 11:41",3106,"C",2,NA,NA,NA,NA,NA,"12/13/17 11:47",1368,"FASCPILOT2",1976,14373,"5ie6grdh1dkgcfpvabrmo2p0e0","pub_n9jVmuxp9J","12/13/17 11:41","12/13/17 11:41","2310",NA
383,132758,"2913",NA,"12SPlizzie","noSchool","GFCHADEB","5/23/18 10:30",3351,"C",1,"The girl was dancing by herself and with her dog the dog was laying and as soon as he got up the dog dropped the vase, and she was blamed from her mother",1,"1",1,0,"5/23/18 10:35",813,"FASCPILOT2",1976,15733,"f4nei50el4qabnacua2si65eq1","pub_dgiGhO1D~o","5/23/18 10:30","5/23/18 10:30","2913",NA
441,133130,"3113",NA,"12SPlizzie","noSchool","CDAEFBHG","6/6/18 10:47",3850,"C",1,"She was having fun and she was dancing while her mom was gone and accidentally hit the vase and it dropped and shattered on the floor.",1,"1",1,0,"6/6/18 10:48",6833,"FASCPILOT2",1976,16292,"b2t1u9uince7b6mgssccoeav24","pub_URLjeY8ZPD","6/6/18 10:47","6/6/18 10:47","3113",1
366,122174,"0",NA,"12SPlizzie","noSchool","CHGEBDFA","1/18/18 11:44",3214,"C",1,"she's bad",1,"0",0,0,"1/18/18 11:46",105886,"FASCPILOT2",1976,14221,"q8qlkgsrcskp4segcuhqlg1b23","pub_D8NIZkItkK","12/8/17 11:18","12/8/17 11:18","0",NA
395,132770,"2905",NA,"12SPlizzie","noSchool","CEGBAHDF","5/23/18 11:44",3446,"C",2,"The doesn't want to face the wrath of her mother.",1,"1",1,1,"5/23/18 11:46",1323,"FASCPILOT2",1976,15811,"eajk9ck2ealdsd4q9eojjg7643","pub_382JZTvvA4","5/23/18 11:44","5/23/18 11:44","2905",NA
440,133129,"3115",NA,"12SPlizzie","noSchool","AEHBCFGD","6/6/18 10:41",3844,"C",1,"the girl does what she does in the story because she does not want to get in trouble with her mother.",1,"1",1,1,"6/6/18 10:47",2433,"FASCPILOT2",1976,16286,"vp49pk7qkdta738ncq9qbdk491","pub_w-Wo0Y8dw3","6/6/18 10:41","6/6/18 10:41","3115",1
362,121018,"2315",NA,"12SPlizzie","noSchool","HEBACFGD","12/13/17 12:52",3174,"D",1,"I don't know what she's doing",NA,NA,NA,NA,"12/13/17 12:57",1367,"FASCPILOT2",1976,14393,"12f010hqpduq4041rnfel08d24","pub_nr2f2IIJrT","12/13/17 12:52","12/13/17 12:52","2315",NA
364,121020,"2305",NA,"12SPlizzie","noSchool","BECHGDAF","12/13/17 12:57",3183,"D",1,"Calls over the man",1,"0",0,0,"12/13/17 12:59",1588,"FASCPILOT2",1976,14397,"iscgcmelj9itpi54n4tibui3s3","pub_tF9rphrLpp","12/13/17 12:56","12/13/17 12:56","2305",NA
423,133053,"3002",NA,"12SPlizzie","noSchool","EHBDFAGC","6/4/18 12:12",3714,"D",1,"The man thought that the woman was saying hi to him but as it turns out she wasn't.",1,"1",1,0,"6/4/18 12:19",1948,"FASCPILOT2",1976,16101,"b0pct18ou0sfrh3lob4ul2fvi0","pub_PDmC9nzKOo","6/4/18 12:11","6/4/18 12:11","3002",1
456,133148,"test",NA,"12SPlizzie","noSchool","EFAGHCDB","6/6/18 15:34",4004,"D",1,NA,NA,NA,NA,NA,"6/6/18 15:35",945,"FASCPILOT2",1976,16441,"gvve0oej3tgv0c5b6815iq33e0","pub_ZLF@2XY4WK","6/6/18 15:34","6/6/18 15:34","test",1
357,121012,"2307",NA,"12SPlizzie","noSchool","CEBHAFGD","12/13/17 12:41",3149,"D",1,"I dont know what happend",NA,NA,NA,NA,"12/13/17 12:45",1978,"FASCPILOT2",1976,14387,"lvt7s5fi41it2u3bp2a0rko113","pub_nTKIwqWwnr","12/13/17 12:41","12/13/17 12:41","2307",NA
412,133041,"3031",NA,"12SPlizzie","noSchool","GEDFAHBC","6/4/18 10:45",3619,"D",1,"The woman is calling someone and the man that comes to her thinks that she is calling him over so he goes to her but realizes that she was waving to someone else over.",1,"2",1,0,"6/4/18 10:55",1039,"FASCPILOT2",1976,15995,"9t8v5rpc6qmg2ah4gbb8b6ds94","pub_iPsQGldsBQ","6/4/18 10:44","6/4/18 10:45","3031",NA
473,133184,"3213",NA,"12SPlizzie","noSchool","BHDCAEGF","6/7/18 12:38",4140,"D",2,"The woman is saying hi to someone, the guy thinks it's him nut it turns out it's somebody else",1,"1",0,0,"6/7/18 12:45",4618,"FASCPILOT2",1976,16632,"0v7eltggn64micdm0qplusdvt7","pub_h4jaW6p8vf","6/7/18 12:38","6/7/18 12:38","3213",NA
361,121017,"2302",NA,"12SPlizzie","noSchool","FHCBAGDE","12/13/17 12:52",3205,"D",2,"She wanted to make him feel bad or subtlely cause people to laugh",1,"2",1,0,"12/13/17 13:04",575,"FASCPILOT2",1976,14394,"j4s1bkmkt25bg0gggfatafq0s2","pub_bU8ItRxBmV","12/13/17 12:52","12/13/17 12:52","2302",NA
419,133048,"3018",NA,"12SPlizzie","noSchool","GFDEBCAH","6/4/18 11:20",3669,"D",1,"The women does what she does because she sees that there is a long line for the bus, so she sees a man standing waiting in line towards the front with a good chance of entering the bus. She then proceeds in making him notice her so that she could get the ",1,"1",1,0,"6/4/18 11:27",1647,"FASCPILOT2",1976,16028,"rln6art2rocuj92p286uttl8p2","pub_clb3HQ-LoB","6/4/18 11:20","6/4/18 11:20","3018",NA
427,133057,"3004",NA,"12SPlizzie","noSchool","FDEBHACG","6/4/18 12:54",3748,"D",1,"The woman waves at the man to come to her, but when he does, she walk away from him. I  think she does this to him to make him mad or confused.",1,"2",1,1,"6/4/18 13:00",3433,"FASCPILOT2",1976,16141,"50up2ddhbrof1n9uq0ai4gmhl4","pub_LoapNlDgXY","6/4/18 12:54","6/4/18 12:54","3004",1
406,133035,"3026",NA,"12SPlizzie","noSchool","GBHACEDF","6/4/18 10:29",3621,"D",1,"The woman in the story may have been waving to another person behind the man who thought that the woman was waving at.",1,"1",1,0,"6/4/18 10:56",1902,"FASCPILOT2",1976,15980,"fr789mvhv8p2puluh70jbsnpm2","pub_IbpoGPeI8G","6/4/18 10:29","6/4/18 10:29","3026",NA
433,133119,"3122",NA,"12SPlizzie","noSchool","FCDABEGH","6/6/18 10:14",3794,"D",1,"I'm guessing the women in the story was waving at someone but the man believed two be him. When he had walked by her with a smile on his face it seems like the women's expression changed because she wasn't waving to him like he had believed which also cau",1,"2",1,0,"6/6/18 10:24",2757,"FASCPILOT2",1976,16249,"qsu60cal0j3shtbfbh11n1qsg6","pub_OFUM7EKGyC","6/6/18 10:14","6/6/18 10:14","3122",NA
401,133030,"3019",NA,"12SPlizzie","noSchool","GDECHFBA","6/4/18 10:11",3516,"D",2,"The woman might have might have done this to lure the man away from someone or something.",1,"0",0,0,"6/4/18 10:19",1276,"FASCPILOT2",1976,15943,"aljbunp92f49q8ag278cor7gh6","pub_~Uiau55O97","6/4/18 10:11","6/4/18 10:11","3019",NA
345,120881,"2204",NA,"12SPlizzie","noSchool","CEBFAHGD","12/8/17 12:39",3030,"D",1,"She was pointing the guy out and then walks away because she thought he was ignoring her",1,"2",1,0,"12/8/17 12:48",3399,"FASCPILOT2",1976,14247,"d6ssemjet63jgaiqgq86mo2422","pub_8py63J0zxo","12/8/17 12:39","12/8/17 12:39","2204",NA
478,133189,"3214",NA,"12SPlizzie","noSchool","HGDFECBA","6/7/18 12:41",4142,"D",1,"the two characters in it look like they passed by the street and they knew each other and said a quick hi",1,"1",1,0,"6/7/18 12:45",1488,"FASCPILOT2",1976,16636,"4mhfoflrv55paglbp054ig9kj2","pub_FQVUq@a6Wm","6/7/18 12:40","6/7/18 12:40","3214",NA
468,133179,"3210",NA,"12SPlizzie","noSchool","GHCFADBE","6/7/18 12:37",4166,"D",1,"this woman was waving and a man thought he was talking o her",1,"1",1,0,"6/7/18 12:48",771,"FASCPILOT2",1976,16622,"oo85jhl0re2drlvs1tivm5e3d7","pub__BJs@XuLvb","6/7/18 12:37","6/7/18 12:37","3210",1
437,133125,"3123",NA,"12SPlizzie","noSchool","EFBCDHGA","6/6/18 10:37",3830,"D",2,NA,NA,NA,NA,NA,"6/6/18 10:42",2735,"FASCPILOT2",1976,16281,"3v21pfqmp9s39bien6u66in2j7","pub_5ARhPNZLxe","6/6/18 10:37","6/6/18 10:37","3123",NA
443,133132,"3018",NA,"12SPlizzie","noSchool","AHDBCEFG","6/6/18 12:40",3890,"D",1,"I think that the woman was asking the man to help her, but no longer needed the help??",NA,NA,NA,NA,"6/6/18 12:44",1431,"FASCPILOT2",1976,16404,"83416p2o9jg42e01vp3k4f8ou1","pub_Nblz_c4ekG","6/6/18 12:39","6/6/18 12:39","3018",NA
417,133046,"3013",NA,"12SPlizzie","noSchool","HDBCGFEA","6/4/18 11:11",3649,"D",1,"I think the woman does what she does in this story because maybe she felt awkward about passing by the man.",1,"1",1,0,"6/4/18 11:15",4442,"FASCPILOT2",1976,16016,"pf7hteae1qhqaqvg6e1ig9u3p6","pub_9Z~AwxxLcm","6/4/18 11:11","6/4/18 11:11","3013",NA
392,132767,"2910",NA,"12SPlizzie","noSchool","DFCHEBAG","5/23/18 11:38",3428,"D",1,"the women does what she does on the story to say hi ti the man ",1,"0",0,0,"5/23/18 11:39",20042,"FASCPILOT2",1976,15803,"m8dflggd2t1066h9u06inmhhq0","pub_-Y5BdGhG-5","5/23/18 11:37","5/23/18 11:37","2910",NA
442,133131,"3110",NA,"12SPlizzie","noSchool","EHGABFCD","6/6/18 12:32",3886,"D",2,"She was playing around",1,"1",1,1,"6/6/18 12:38",1511,"FASCPILOT2",1976,16394,"78e0aqa9fidnq9f3m5kd2ne2i6","pub_giBHUYCszh","6/6/18 12:31","6/6/18 12:31","3110",NA
380,132754,"2914",NA,"12SPlizzie","noSchool","DCFHGEAB","5/23/18 10:07",3319,"D",2,"Another reason why the woman does what she does in the story is because she could have been waving to someone else.",1,"0",0,0,"5/23/18 10:09",1318,"FASCPILOT2",1976,15698,"i7vfejlvq0up2g0c5l759fj0m4","pub_LpZOe~5~g~","5/23/18 10:07","5/23/18 10:07","2914",NA
461,133172,"3212",NA,"12SPlizzie","noSchool","ABCHFEGD","6/7/18 12:36",4120,"D",1,NA,NA,NA,NA,NA,"6/7/18 12:44",1973,"FASCPILOT2",1976,16619,"dqi7l5igjk4gt6lgii9fn0fce1","pub_j_kJ_6IYIA","6/7/18 12:36","6/7/18 12:36","3212",NA
404,133033,"3023",NA,"12SPlizzie","noSchool","ECADGFHB","6/4/18 10:23",3551,"D",1,"The woman did this to get a cab or something, or just played with the random stranger or friend to mess with him.
",2,"1",1,1,"6/4/18 10:32",2794,"FASCPILOT2",1976,15965,"893hgbl360ploj5qmo7d7ip7c7","pub_C8hDixitj5","6/4/18 10:23","6/4/18 10:23","3023",NA
381,132755,"2919",NA,"12SPlizzie","noSchool","DCHFABGE","5/23/18 10:08",3318,"D",1,"What the women does in the story is waving her hand at the man and s because she is telling him to stop. ",1,"0",0,0,"5/23/18 10:09",4404,"FASCPILOT2",1976,15700,"5r4sr0m273pb7af9d8a4mk4mb6","pub_DpmgVtzp7V","5/23/18 10:07","5/23/18 10:07","2919",NA
451,133141,"3105",NA,"12SPlizzie","noSchool","FHGADCEB","6/6/18 13:00",3976,"D",1,"The lady was waving at someone else and the man thought that she was waving at him. So when the man started to walk to her she just walked past him so to save the man embarrisment she stopped walking",NA,NA,NA,NA,"6/6/18 13:07",780,"FASCPILOT2",1976,16425,"adrf2s14vmupngh7c9o96eiim5","pub_9Ka8k5qh~c","6/6/18 13:00","6/6/18 13:00","3105",NA
429,133115,"3120",NA,"12SPlizzie","noSchool","DAEHBFGC","6/6/18 10:12",3760,"D",1,"The woman does what she does in the story to get in the front of the line so she does not have to wait in line.",1,"0",0,0,"6/6/18 10:14",4680,"FASCPILOT2",1976,16244,"ouvdcskpa7a95al1io1l8fi3q1","pub_r2g~nfPUq-","6/6/18 10:12","6/6/18 10:12","3120",NA
452,133142,"3111",NA,"12SPlizzie","noSchool","EDGACBHF","6/6/18 13:03",3969,"D",1,"To help him out a bit, he seem scared.",1,"1",1,0,"6/6/18 13:05",1913,"FASCPILOT2",1976,16427,"jvs0rglprunvnmdrpcs1upkfc0","pub_bAmDdTAcil","6/6/18 13:03","6/6/18 13:03","3111",NA
333,120867,"0",NA,"12SPlizzie","noSchool","DHEGABFC","12/8/17 11:18",2868,"D",1,"because",NA,NA,NA,NA,"12/8/17 11:18",709,"FASCPILOT2",1976,14221,"q8qlkgsrcskp4segcuhqlg1b23","pub_D8NIZkItkK","12/8/17 11:18","12/8/17 11:18","0",NA
415,133044,"3016",NA,"12SPlizzie","noSchool","GACFBHDE","6/4/18 11:11",3686,"D",1,"The women does what she does because she raising her hand up to warn the cars ahead that she crossing.",NA,NA,NA,NA,"6/4/18 11:37",1949,"FASCPILOT2",1976,16015,"se6lvcgn88iq0o64864ap80kc6","pub_MmYS84JXQq","6/4/18 11:11","6/4/18 11:11","3016",1
448,133138,"3112",NA,"12SPlizzie","noSchool","DBHECAGF","6/6/18 12:53",3920,"D",1,NA,NA,NA,NA,NA,"6/6/18 12:53",8260,"FASCPILOT2",1976,16419,"tmdla8cakh4fp01mrng9cgk6s1","pub_TRrkcAV5tw","6/6/18 12:52","6/6/18 12:53","3112",1
341,120877,"2211",NA,"12SPlizzie","noSchool","FCABHDGE","12/8/17 12:33",3012,"D",2,"She's high or drunk.",1,"0",0,0,"12/8/17 12:45",591,"FASCPILOT2",1976,14241,"aqclvgvfeilr1lr69k748trj96","pub_mZ-ss1IgRU","12/8/17 12:33","12/8/17 12:33","2211",NA
336,120870,"2213",NA,"12SPlizzie","noSchool","GFACHEBD","12/8/17 11:22",2921,"D",2,"she was haleing a cab",1,"0",0,0,"12/8/17 11:28",938,"FASCPILOT2",1976,14226,"1l2f8p85s1kajk0dfflauehcu2","pub_HsKiNzcSbn","12/8/17 11:21","12/8/17 11:22","2213",NA
449,133139,"3103",NA,"12SPlizzie","noSchool","DCBGHEAF","6/6/18 12:53",3924,"D",1,"She was probably expecting a wave back or a greeting back so when she didn't receive it she didn't feel like finishing her greeting.",1,"2",1,0,"6/6/18 12:55",6193,"FASCPILOT2",1976,16420,"vk2slm6u86fnq2bagj430cgbo4","pub_MZPrhUcvVi","6/6/18 12:52","6/6/18 12:53","3103",1
399,133028,"3022",NA,"12SPlizzie","noSchool","ECBGDFHA","6/4/18 10:11",3490,"E",1,"She does not want to go to the dentist.",1,"1",1,1,"6/4/18 10:13",15745,"FASCPILOT2",1976,15941,"ggkcldho2mtr08676j85dnn2e7","pub_6-bMv3IYRl","6/4/18 10:11","6/4/18 10:11","3022",NA
467,133178,"3201",NA,"12SPlizzie","noSchool","EFBHGCDA","6/7/18 12:37",4053,"E",1,"Jennifer has a toothache but doesnt want to tell her mom because she is going to take her to the dentist if she does",1,"1",1,1,"6/7/18 12:38",2382,"FASCPILOT2",1976,16625,"c5evc6cqu7q7e3ep56frdejag3","pub_hd6y4m96xC","6/7/18 12:37","6/7/18 12:37","3201",NA
378,129440,"JEB_TEST_10",NA,"12SPlizzie","noSchool","EFHDBGAC","4/17/18 15:35",3309,"E",1,"TEST_TEST_TEST",NA,NA,NA,NA,"4/17/18 15:35",9860,"FASCPILOT2",1976,15080,"gmhuc6ko6b6scijgt2koitkbc7","pub_GdBn-ItVsl","4/17/18 15:34","4/17/18 15:34","JEB_TEST_10",NA
354,121006,"2306",NA,"12SPlizzie","noSchool","HABGCDEF","12/13/17 11:42",3093,"E",1,"She's the girl, right? The girl didn't want to go to the dentist so she lied.",1,"2",1,1,"12/13/17 11:45",1291,"FASCPILOT2",1976,14374,"4t0ddjh4ccqej4riagdtim1oj0","pub_qpPZWpZpyY","12/13/17 11:41","12/13/17 11:41","2306",NA
398,133027,"3020",NA,"12SPlizzie","noSchool","BECFDGHA","6/4/18 10:10",3491,"E",1,"She doesn't want to visit the dentist , because she might be scared of what she will do. ",1,"2",1,1,"6/4/18 10:13",1869,"FASCPILOT2",1976,15940,"7f3ptt3sf611e3ll3vg78a92t4","pub_vRbSkpLGtJ","6/4/18 10:10","6/4/18 10:10","3020",NA
349,120885,"2212",NA,"12SPlizzie","noSchool","BFADHECG","12/8/17 12:47",3045,"E",1,"She doesn't want to go to the dentist.",1,"1",1,1,"12/8/17 12:52",642,"FASCPILOT2",1976,14258,"237cam49h7g50a2o1jjc5tdhp3","pub_PMGG2PtLJT","12/8/17 12:47","12/8/17 12:47","2212",NA
358,121013,"2304",NA,"12SPlizzie","noSchool","EGHDABFC","12/13/17 12:41",3134,"E",1,"Jennifer doesn't like going to the distance.",1,"1",1,1,"12/13/17 12:42",4619,"FASCPILOT2",1976,14390,"qvd5innkci1t34m1dser73h796","pub_fFlginj1zy","12/13/17 12:41","12/13/17 12:41","2304",NA
385,132760,"2918",NA,"12SPlizzie","noSchool","DBAGEFCH","5/23/18 11:13",3379,"E",1,"because she don't like to go to the dentist.",1,"1",1,1,"5/23/18 11:19",1034,"FASCPILOT2",1976,15772,"r366k0c6l4d6olv32fdbeht670","pub_tH45wFt5lR","5/23/18 11:12","5/23/18 11:13","2918",NA
389,132764,"2907",NA,"12SPlizzie","noSchool","AEGDBFHC","5/23/18 11:21",3395,"E",1,"Jennifer lies to her mom so she doesn't have to go to the dentist",1,"1",1,1,"5/23/18 11:23",2274,"FASCPILOT2",1976,15780,"g4nts3jek8bpcj2qfc8m6o2j34","pub_T00as@6KHd","5/23/18 11:21","5/23/18 11:21","2907",NA
358,121013,"2304",NA,"12SPlizzie","noSchool","EGHDABFC","12/13/17 12:41",3136,"E",2,"Jenn",NA,NA,NA,NA,"12/13/17 12:42",5450,"FASCPILOT2",1976,14390,"qvd5innkci1t34m1dser73h796","pub_fFlginj1zy","12/13/17 12:41","12/13/17 12:41","2304",NA
412,133041,"3031",NA,"12SPlizzie","noSchool","GEDFAHBC","6/4/18 10:45",3609,"E",1,"Jennifer is hiding the truth about her tooth problem to her mother because if her mother knows what is going on, then she will have to take Jennifer to the dentist and see what the problem is but Jennifer probably has never gone to the dentist and thinks ",1,"3",1,0,"6/4/18 10:51",1732,"FASCPILOT2",1976,15995,"9t8v5rpc6qmg2ah4gbb8b6ds94","pub_iPsQGldsBQ","6/4/18 10:44","6/4/18 10:45","3031",NA
478,133189,"3214",NA,"12SPlizzie","noSchool","HGDFECBA","6/7/18 12:41",4163,"E",1,"the girl doesnt want to go to the dentist so she lied to her mom",1,"2",1,1,"6/7/18 12:47",738,"FASCPILOT2",1976,16636,"4mhfoflrv55paglbp054ig9kj2","pub_FQVUq@a6Wm","6/7/18 12:40","6/7/18 12:40","3214",NA
452,133142,"3111",NA,"12SPlizzie","noSchool","EDGACBHF","6/6/18 13:03",3965,"E",1,"Because she doesn't want to go to the dentist maybe because she is scared",1,"2",1,1,"6/6/18 13:04",4594,"FASCPILOT2",1976,16427,"jvs0rglprunvnmdrpcs1upkfc0","pub_bAmDdTAcil","6/6/18 13:03","6/6/18 13:03","3111",NA
362,121018,"2315",NA,"12SPlizzie","noSchool","HEBACFGD","12/13/17 12:52",3162,"E",1,"she does this so she doesn't go to the dentist",1,"0",0,1,"12/13/17 12:54",1412,"FASCPILOT2",1976,14393,"12f010hqpduq4041rnfel08d24","pub_nr2f2IIJrT","12/13/17 12:52","12/13/17 12:52","2315",NA
356,121008,"2316",NA,"12SPlizzie","noSchool","BFCAGHDE","12/13/17 11:54",3132,"E",1,"she has a tooth proplum but she do not wants to go to dantis so she did not tell her mom",1,"1",1,1,"12/13/17 12:12",9013,"FASCPILOT2",1976,14378,"euc6e8vls3q010puog5amm3924","pub__9M6xabESN","12/13/17 11:54","12/13/17 11:54","2316",NA
459,133169,"3220",NA,"12SPlizzie","noSchool","EAGFBDCH","6/7/18 10:57",4024,"E",4,"to not go to school",1,"0",0,0,"6/7/18 11:00",7596,"FASCPILOT2",1976,16561,"20ndikueedk1ag6bb2t3r29ju5","pub_BIG5vlSIST","6/7/18 10:57","6/7/18 10:57","3220",NA
341,120877,"2211",NA,"12SPlizzie","noSchool","FCABHDGE","12/8/17 12:33",3032,"E",1,"She prioritizes her desire not to go to the dentist over her desire not to have a toothache or to be truthful to her mom.",1,"3",1,0,"12/8/17 12:49",931,"FASCPILOT2",1976,14241,"aqclvgvfeilr1lr69k748trj96","pub_mZ-ss1IgRU","12/8/17 12:33","12/8/17 12:33","2211",NA
442,133131,"3110",NA,"12SPlizzie","noSchool","EHGABFCD","6/6/18 12:32",3876,"E",1,"She doesn't want to go to the dentist",1,"1",1,1,"6/6/18 12:32",4841,"FASCPILOT2",1976,16394,"78e0aqa9fidnq9f3m5kd2ne2i6","pub_giBHUYCszh","6/6/18 12:31","6/6/18 12:31","3110",NA
457,133167,"3217",NA,"12SPlizzie","noSchool","DEAHCFGB","6/7/18 10:22",4007,"E",1,"jennifer is saying that her tooth aches so she doesn't want her mom to know so she doesn't go to the dentist.",1,"1",1,1,"6/7/18 10:29",1875,"FASCPILOT2",1976,16547,"cslpbef3uf416cmtnp15nu3ug0","pub_8hpZMc0EAW","6/7/18 10:22","6/7/18 10:22","3217",NA
330,120864,"2206",NA,"12SPlizzie","noSchool","EBHCGFDA","12/8/17 11:10",2856,"E",2,"She wants to keep doing the things that gave her the toothache in the first place",1,"1",1,0,"12/8/17 11:12",1476,"FASCPILOT2",1976,14214,"ig2t7vd8av1ejgrat0fbdu1bs6","pub_zwHOyQKdT_","12/8/17 11:10","12/8/17 11:10","2206",NA
401,133030,"3019",NA,"12SPlizzie","noSchool","GDECHFBA","6/4/18 10:11",3534,"E",1,"Jennifer might have done this because of the fact that she might have been afraid or worried about visiting the dentist office. Considering the fact that most young children tend to develop fears to things that might actually benefit them.",1,"3",1,1,"6/4/18 10:24",1732,"FASCPILOT2",1976,15943,"aljbunp92f49q8ag278cor7gh6","pub_~Uiau55O97","6/4/18 10:11","6/4/18 10:11","3019",NA
330,120864,"2206",NA,"12SPlizzie","noSchool","EBHCGFDA","12/8/17 11:10",2855,"E",1,"She doesn't want to go to the dentist",1,"1",1,1,"12/8/17 11:11",4681,"FASCPILOT2",1976,14214,"ig2t7vd8av1ejgrat0fbdu1bs6","pub_zwHOyQKdT_","12/8/17 11:10","12/8/17 11:10","2206",NA
455,133145,"3107",NA,"12SPlizzie","noSchool","BEGHAFDC","6/6/18 13:09",3988,"E",1,"she lies to her mom because she doesnt want to go to the dentist",1,"2",1,1,"6/6/18 13:11",2964,"FASCPILOT2",1976,16434,"vc4rc2s3k7o6raomk0vq37m2u1","pub_CfRURn0P@h","6/6/18 13:09","6/6/18 13:09","3107",NA
387,132762,"2911",NA,"12SPlizzie","noSchool","DGBFEHAC","5/23/18 11:18",3394,"E",1,"Jennifer lies to her mother about a toothache to avoid going to the dentist.  ",1,"1",1,1,"5/23/18 11:23",1030,"FASCPILOT2",1976,15776,"aj2fiehv75rmrh6svvfinkajb6","pub_ENLynF2HMy","5/23/18 11:18","5/23/18 11:18","2911",NA
390,132765,"2901",NA,"12SPlizzie","noSchool","ADEFCHBG","5/23/18 11:24",3415,"E",1,"Because she doesn't want to go to the dentist",1,"1",1,1,"5/23/18 11:27",1606,"FASCPILOT2",1976,15784,"1vsg130jtp1l0bham96uanjej5","pub_TxHaSUtcKD","5/23/18 11:24","5/23/18 11:24","2901",NA
472,133183,"3209",NA,"12SPlizzie","noSchool","ABCEGDFH","6/7/18 12:37",4092,"E",1,"She lies so she doesnt have to go to the dentist ",1,"1",1,1,"6/7/18 12:41",891,"FASCPILOT2",1976,16626,"ci26fiqoummej1dlar6udmm4l3","pub_92FQp2s3HI","6/7/18 12:37","6/7/18 12:37","3209",NA
351,121003,"2313",NA,"12SPlizzie","noSchool","AGCFDHBE","12/13/17 11:41",3098,"E",1,"Because she hates the dentist",1,"1",1,1,"12/13/17 11:46",707,"FASCPILOT2",1976,14371,"ldun6a0ebk95icv1rnlmbospk1","pub_8de6ZsCTSB","12/13/17 11:41","12/13/17 11:41","2313",NA
477,133188,"3218",NA,"12SPlizzie","noSchool","HFGCBEDA","6/7/18 12:40",4116,"E",1,"so she did't need to go to the dentist",1,"0",0,1,"6/7/18 12:44",1745,"FASCPILOT2",1976,16588,"76epsmgvnjpev7j032dnmdurq2","pub_PxYC97HEDu","6/7/18 11:20","6/7/18 11:20","3218",NA
406,133035,"3026",NA,"12SPlizzie","noSchool","GBHACEDF","6/4/18 10:29",3610,"E",1,"Jennifer lies to her mother about not having a toothache because she may not like the idea of going to the dentist and getting a tooth removed as it may bring her a lot of pain which indicates that she's gone through once before. ",1,"2",1,1,"6/4/18 10:52",1381,"FASCPILOT2",1976,15980,"fr789mvhv8p2puluh70jbsnpm2","pub_IbpoGPeI8G","6/4/18 10:29","6/4/18 10:29","3026",NA
476,133187,"3216",NA,"12SPlizzie","noSchool","EGCDHABF","6/7/18 12:39",4085,"E",1,"Jennifer had a toothache and she told her brother not to tell her not to take her to the dentists",1,"0",0,0,"6/7/18 12:41",-21136,"FASCPILOT2",1976,16637,"3okh2ofpv7kp1imspnebhk9gb6","pub_r-CsgY_oMS","6/7/18 12:39","6/7/18 12:39","3216",1
396,132771,"2912",NA,"12SPlizzie","noSchool","CEFDAHGB","5/23/18 11:44",3454,"E",1,"Her tooth hurts but doesn't want to tell her mother because she doesn't want to go to the dentist.",1,"2",1,1,"5/23/18 11:48",11214,"FASCPILOT2",1976,15812,"vstfnoctvqivkd8u8avqmrlll4","pub_~DRX7B2Fg4","5/23/18 11:44","5/23/18 11:44","2912",NA
432,133118,"3121",NA,"12SPlizzie","noSchool","GDABCEFH","6/6/18 10:14",3788,"E",1,"Jennifer doesn't want to go to the dentist. As she had already told her her brother not to tell mom.
",1,"1",1,1,"6/6/18 10:23",1283,"FASCPILOT2",1976,16248,"9qde74sdiucdq0st57it6nra61","pub_zFp4EyB9Bo","6/6/18 10:14","6/6/18 10:14","3121",NA
449,133139,"3103",NA,"12SPlizzie","noSchool","DCBGHEAF","6/6/18 12:53",3966,"E",1,"So that she doesn't go to the dentist. ",1,"0",0,0,"6/6/18 13:05",3218,"FASCPILOT2",1976,16420,"vk2slm6u86fnq2bagj430cgbo4","pub_MZPrhUcvVi","6/6/18 12:52","6/6/18 12:53","3103",1
459,133169,"3220",NA,"12SPlizzie","noSchool","EAGFBDCH","6/7/18 10:57",4030,"F",1,"she teaches her how to play",1,"0",0,0,"6/7/18 11:02",1360,"FASCPILOT2",1976,16561,"20ndikueedk1ag6bb2t3r29ju5","pub_BIG5vlSIST","6/7/18 10:57","6/7/18 10:57","3220",NA
473,133184,"3213",NA,"12SPlizzie","noSchool","BHDCAEGF","6/7/18 12:38",4206,"F",1,"They see the little girl alone so they to her and play with her",1,"0",0,0,"6/7/18 12:54",1831,"FASCPILOT2",1976,16632,"0v7eltggn64micdm0qplusdvt7","pub_h4jaW6p8vf","6/7/18 12:38","6/7/18 12:38","3213",NA
433,133119,"3122",NA,"12SPlizzie","noSchool","FCDABEGH","6/6/18 10:14",3774,"F",1,"By the expressions on the girls faces and the way they are standing they seem to be frustrated by the fact that the other girl was playing on the court at the time they had showed up to play. They were talking about her behind her back and they rudely wen",1,"3",1,1,"6/6/18 10:19",1643,"FASCPILOT2",1976,16249,"qsu60cal0j3shtbfbh11n1qsg6","pub_OFUM7EKGyC","6/6/18 10:14","6/6/18 10:14","3122",NA
440,133129,"3115",NA,"12SPlizzie","noSchool","AEHBCFGD","6/6/18 10:41",3846,"F",1,"the girls do what they do to make new friends with the sad lonely girl playing by her self",1,"2",1,1,"6/6/18 10:47",1089,"FASCPILOT2",1976,16286,"vp49pk7qkdta738ncq9qbdk491","pub_w-Wo0Y8dw3","6/6/18 10:41","6/6/18 10:41","3115",1
375,129434,"JEB_TEST_7",NA,"12SPlizzie","noSchool","ACEDHBGF","4/17/18 15:29",3292,"F",1,"TEST_TEST_TEST",NA,NA,NA,NA,"4/17/18 15:30",319,"FASCPILOT2",1976,15077,"l8m37se9f36npqs429t6lep723","pub_-ZedS2Rp54","4/17/18 15:28","4/17/18 15:29","JEB_TEST_7",NA
478,133189,"3214",NA,"12SPlizzie","noSchool","HGDFECBA","6/7/18 12:41",4150,"F",1,"the two girls agreed to bully the girls playing ball",1,"2",1,1,"6/7/18 12:46",917,"FASCPILOT2",1976,16636,"4mhfoflrv55paglbp054ig9kj2","pub_FQVUq@a6Wm","6/7/18 12:40","6/7/18 12:40","3214",NA
360,121015,"2308",NA,"12SPlizzie","noSchool","BCFDHAEG","12/13/17 12:42",3143,"F",1,"The girls go to play with the girl with the beach ball, because she was playing alone.",1,"0",0,1,"12/13/17 12:44",770,"FASCPILOT2",1976,14389,"kercc9jedag4j4qqdfo3lm3531","pub_nYcgZXhFAm","12/13/17 12:41","12/13/17 12:41","2308",NA
451,133141,"3105",NA,"12SPlizzie","noSchool","FHGADCEB","6/6/18 13:00",3956,"F",1,"The girls do this because they saw that the other girl was playing in the court all alone. So hey went o play with her so she wouldn't feel alone and what they did was an act of kindness.",1,"2",1,1,"6/6/18 13:02",783,"FASCPILOT2",1976,16412,"miadgoa3fie2s1569jkvmupd20","pub_b~cr@-QepS","6/6/18 12:44","6/6/18 12:44","3105",NA
402,133031,"3021",NA,"12SPlizzie","noSchool","CBHAGDFE","6/4/18 10:12",3531,"F",1,"they walked over to play with the lonely girl ",1,"1",1,1,"6/4/18 10:24",1434,"FASCPILOT2",1976,15944,"1nf5ms0v5pvn1rbmgehi8gtij4","pub_bwRrF@OlM3","6/4/18 10:11","6/4/18 10:11","3021",NA
448,133138,"3112",NA,"12SPlizzie","noSchool","DBHECAGF","6/6/18 12:53",3953,"F",1,"They felt bad for the other girl so they decided to play with her. ",1,"2",1,1,"6/6/18 13:01",1011,"FASCPILOT2",1976,16419,"tmdla8cakh4fp01mrng9cgk6s1","pub_TRrkcAV5tw","6/6/18 12:52","6/6/18 12:53","3112",1
364,121020,"2305",NA,"12SPlizzie","noSchool","BECHGDAF","12/13/17 12:57",3191,"F",1,"Exclude another girl",1,"0",0,0,"12/13/17 12:59",1075,"FASCPILOT2",1976,14397,"iscgcmelj9itpi54n4tibui3s3","pub_tF9rphrLpp","12/13/17 12:56","12/13/17 12:56","2305",NA
383,132758,"2913",NA,"12SPlizzie","noSchool","GFCHADEB","5/23/18 10:30",3348,"F",3,"They just talk and watch her play alone and then they come to her to play with them",1,"0",0,1,"5/23/18 10:33",1403,"FASCPILOT2",1976,15733,"f4nei50el4qabnacua2si65eq1","pub_dgiGhO1D~o","5/23/18 10:30","5/23/18 10:30","2913",NA
330,120864,"2206",NA,"12SPlizzie","noSchool","EBHCGFDA","12/8/17 11:10",2867,"F",1,"Because they feel bad for the lonely girl",1,"2",1,1,"12/8/17 11:18",3832,"FASCPILOT2",1976,14214,"ig2t7vd8av1ejgrat0fbdu1bs6","pub_zwHOyQKdT_","12/8/17 11:10","12/8/17 11:10","2206",NA
477,133188,"3218",NA,"12SPlizzie","noSchool","HFGCBEDA","6/7/18 12:40",4089,"F",1,"so she would't be by her slef",1,"0",0,0,"6/7/18 12:41",932,"FASCPILOT2",1976,16588,"76epsmgvnjpev7j032dnmdurq2","pub_PxYC97HEDu","6/7/18 11:20","6/7/18 11:20","3218",NA
466,133177,"3205",NA,"12SPlizzie","noSchool","GHCDFAEB","6/7/18 12:37",4080,"F",1,"she was all alone",1,"0",0,0,"6/7/18 12:41",1256,"FASCPILOT2",1976,16624,"q7jq8058f0ql9gekhbu0mamfa5","pub_CnN-vcElsR","6/7/18 12:37","6/7/18 12:37","3205",NA
390,132765,"2901",NA,"12SPlizzie","noSchool","ADEFCHBG","5/23/18 11:24",3419,"F",1,"To be friendly to the other girl",1,"1",1,0,"5/23/18 11:28",2780,"FASCPILOT2",1976,15784,"1vsg130jtp1l0bham96uanjej5","pub_TxHaSUtcKD","5/23/18 11:24","5/23/18 11:24","2901",NA
383,132758,"2913",NA,"12SPlizzie","noSchool","GFCHADEB","5/23/18 10:30",3346,"F",1,"She sees a girl by herself or playing by herself and she is lonely, so the two best friends see her alone and both friends were asking each other on what to do with her.",1,"1",1,0,"5/23/18 10:32",11565,"FASCPILOT2",1976,15733,"f4nei50el4qabnacua2si65eq1","pub_dgiGhO1D~o","5/23/18 10:30","5/23/18 10:30","2913",NA
444,133134,"3105",NA,"12SPlizzie","noSchool","GEAFHDCB","6/6/18 12:44",3917,"F",1,"The girls do this because they saw a girl playing in the court alone and she looked sad. They wanted to play with her so she doesn't feel alone and sad because no one wants to play with her. They are doing an act of kindness",NA,NA,NA,NA,"6/6/18 12:52",1845,"FASCPILOT2",1976,16425,"adrf2s14vmupngh7c9o96eiim5","pub_9Ka8k5qh~c","6/6/18 13:00","6/6/18 13:00","3105",1
452,133142,"3111",NA,"12SPlizzie","noSchool","EDGACBHF","6/6/18 13:03",3987,"F",1,"They saw she was by her self and felt bad so they walked up to her.",1,"1",1,1,"6/6/18 13:11",1218,"FASCPILOT2",1976,16427,"jvs0rglprunvnmdrpcs1upkfc0","pub_bAmDdTAcil","6/6/18 13:03","6/6/18 13:03","3111",NA
431,133117,"3119",NA,"12SPlizzie","noSchool","HBGDEFAC","6/6/18 10:13",3803,"F",1,"They saw that the little girl was very solitary and they probably felt bad for her, so what they did was they were being polite by playing with her to not feel solitary",1,"3",1,1,"6/6/18 10:27",7537,"FASCPILOT2",1976,16246,"i7dtiioq32o29g2r7qqu591o65","pub_I0Ph9W7P7u","6/6/18 10:13","6/6/18 10:13","3119",1
407,133036,"3027",NA,"12SPlizzie","noSchool","ACGFHBED","6/4/18 10:30",3554,"F",1,"the girls wanted to be nice to the girl ,that was lonely",1,"3",1,1,"6/4/18 10:33",5840,"FASCPILOT2",1976,15982,"v527cipd76jeh05ejsa8d9n166","pub_T4_W8~3Iax","6/4/18 10:29","6/4/18 10:29","3027",NA
421,133051,"3005",NA,"12SPlizzie","noSchool","FDHCGBEA","6/4/18 11:46",3693,"F",1,"they wanted to help the girl out since she was lonely. the girl who was lonely didn't have anyone to play with and so nearby girls saw her and joined her",1,"3",1,1,"6/4/18 11:48",1551,"FASCPILOT2",1976,16067,"gigkdveo6ta2b9cn26ql7s1cq6","pub_yxDfDtvfug","6/4/18 11:46","6/4/18 11:46","3005",1
449,133139,"3103",NA,"12SPlizzie","noSchool","DCBGHEAF","6/6/18 12:53",3980,"F",2,"They got mad at the girl for looking back and went to confront her.",1,"1",1,0,"6/6/18 13:09",514,"FASCPILOT2",1976,16420,"vk2slm6u86fnq2bagj430cgbo4","pub_MZPrhUcvVi","6/6/18 12:52","6/6/18 12:53","3103",1
332,120866,"2209",NA,"12SPlizzie","noSchool","BDFHCAEG","12/8/17 11:16",2866,"F",1,"They think she is lonely",1,"2",1,1,"12/8/17 11:18",948,"FASCPILOT2",1976,14220,"bb3psupbruiup6o8p6248erp43","pub_fnMEUAiKmJ","12/8/17 11:16","12/8/17 11:16","2209",NA
404,133033,"3023",NA,"12SPlizzie","noSchool","ECADGFHB","6/4/18 10:23",3569,"F",1,"The girls do what they do in the story because they wanted to help the girl out or tell her off.",2,"1",1,0,"6/4/18 10:36",1931,"FASCPILOT2",1976,15965,"893hgbl360ploj5qmo7d7ip7c7","pub_C8hDixitj5","6/4/18 10:23","6/4/18 10:23","3023",NA
341,120877,"2211",NA,"12SPlizzie","noSchool","FCABHDGE","12/8/17 12:33",2936,"F",2,"They are jealous of the girl playing with the ball and they want to play with the ball.",1,"1",1,0,"12/8/17 12:36",987,"FASCPILOT2",1976,14241,"aqclvgvfeilr1lr69k748trj96","pub_mZ-ss1IgRU","12/8/17 12:33","12/8/17 12:33","2211",NA
355,121007,"2312",NA,"12SPlizzie","noSchool","FADEGBHC","12/13/17 11:42",3088,"F",3,NA,NA,NA,NA,NA,"12/13/17 11:45",1939,"FASCPILOT2",1976,14375,"060fcv1rm58rm3jbj3ih8t6t62","pub_ZVFFDQ0Ahf","12/13/17 11:41","12/13/17 11:42","2312",NA
346,120882,"2203",NA,"12SPlizzie","noSchool","CHBDEAGF","12/8/17 12:40",3008,"F",1,"They see a girl playing alone and deicde to help",1,"1",1,0,"12/8/17 12:44",705,"FASCPILOT2",1976,14248,"hakdjmmdtc8jq13va46mmfoti5","pub_Qj43thKS_v","12/8/17 12:40","12/8/17 12:40","2203",NA
382,132756,"2915",NA,"12SPlizzie","noSchool","HGEDFCAB","5/23/18 10:08",3331,"F",1,"Because so that they don't want her to keep on playing by herself and feel lonely.",1,"2",1,1,"5/23/18 10:15",4050,"FASCPILOT2",1976,15702,"l8ncu0t9ept9v272glmgklvl80","pub_tmv2IJrp0N","5/23/18 10:08","5/23/18 10:08","2915",NA
396,132771,"2912",NA,"12SPlizzie","noSchool","CEFDAHGB","5/23/18 11:44",3458,"F",1,"The girls wanted to play with the other girl because she was playing alone with nobody to play with her,",1,"1",1,1,"5/23/18 11:50",1551,"FASCPILOT2",1976,15812,"vstfnoctvqivkd8u8avqmrlll4","pub_~DRX7B2Fg4","5/23/18 11:44","5/23/18 11:44","2912",NA
344,120880,"2207",NA,"12SPlizzie","noSchool","HBDECFAG","12/8/17 12:38",2995,"F",1,"The girls join the other girl playing because she seems lonely.",1,"1",1,1,"12/8/17 12:43",1486,"FASCPILOT2",1976,14246,"tkvrqafuvm1rci5cmm65k5le17","pub_cbpGpKcpAp","12/8/17 12:38","12/8/17 12:38","2207",NA
399,133028,"3022",NA,"12SPlizzie","noSchool","ECBGDFHA","6/4/18 10:11",3523,"F",1,"They think that the other girl is weird.",1,"1",1,0,"6/4/18 10:21",2104,"FASCPILOT2",1976,15941,"ggkcldho2mtr08676j85dnn2e7","pub_6-bMv3IYRl","6/4/18 10:11","6/4/18 10:11","3022",NA
447,133137,"3102",NA,"12SPlizzie","noSchool","BDEGFHCA","6/6/18 12:45",3921,"F",1,"They go to her to bully her",1,"1",1,1,"6/6/18 12:53",2940,"FASCPILOT2",1976,16414,"ktoal7nl85gu2kt6aaccnecfj2","pub_1PtBCzbo_n","6/6/18 12:45","6/6/18 12:45","3102",NA
460,133170,"3218",NA,"12SPlizzie","noSchool","GCAFDBEH","6/7/18 11:20",4035,"G",1,"she fearful",1,"1",1,0,"6/7/18 11:21",7998,"FASCPILOT2",1976,16588,"76epsmgvnjpev7j032dnmdurq2","pub_PxYC97HEDu","6/7/18 11:20","6/7/18 11:20","3218",1
343,120879,"2210",NA,"12SPlizzie","noSchool","GHAEBCFD","12/8/17 12:37",2955,"G",1,"She is afraid of the man who appears to be running towards her, and because the sky is darkened and it appears to be night, the woman may be somewhat afraid of a stranger running at her, possibly to attack or rob her.",1,"2",1,1,"12/8/17 12:39",7392,"FASCPILOT2",1976,14245,"5uok530ffd0c3uq631v1gad0i1","pub_8cyxL_6Pyp","12/8/17 12:37","12/8/17 12:37","2210",NA
413,133042,"3029-redo",NA,"12SPlizzie","noSchool","BADHGCEF","6/4/18 10:49",3634,"G",1,"In this story, an old woman is walking down the street in the night. A man, who doesn't have a watch on him, runs up to her to ask what time it was. The old lady, however, flinched and got scared. She did this because she thought the man was going to stea",1,"2",1,1,"6/4/18 11:05",1690,"FASCPILOT2",1976,15999,"38h1fjrhrsm8eu2kbeb196fok5","pub_Gq1NJ2BDGZ","6/4/18 10:49","6/4/18 10:49","3029-redo",NA
397,132773,"2902",NA,"12SPlizzie","noSchool","GACHBFED","5/23/18 11:57",3479,"G",1,"The lady gets scared because she thought that the guy was going to do something to her so thats why she reacted that way.",1,"2",1,1,"5/23/18 11:58",3416,"FASCPILOT2",1976,15821,"p4c96o631pbd1dkn20li7tu0r2","pub_0bmXnf~TmK","5/23/18 11:56","5/23/18 11:56","2902",NA
459,133169,"3220",NA,"12SPlizzie","noSchool","EAGFBDCH","6/7/18 10:57",4029,"G",1,"she is scared ",1,"1",1,0,"6/7/18 11:01",3240,"FASCPILOT2",1976,16561,"20ndikueedk1ag6bb2t3r29ju5","pub_BIG5vlSIST","6/7/18 10:57","6/7/18 10:57","3220",NA
444,133134,"3105",NA,"12SPlizzie","noSchool","GEAFHDCB","6/6/18 12:44",3894,"G",1,"The lady does this because she do",1,"0",0,0,"6/6/18 12:46",5504,"FASCPILOT2",1976,16412,"miadgoa3fie2s1569jkvmupd20","pub_b~cr@-QepS","6/6/18 12:44","6/6/18 12:44","3105",1
336,120870,"2213",NA,"12SPlizzie","noSchool","GFACHEBD","12/8/17 11:22",2907,"G",1,"she's scared and alone",1,"1",1,0,"12/8/17 11:22",2718,"FASCPILOT2",1976,14226,"1l2f8p85s1kajk0dfflauehcu2","pub_HsKiNzcSbn","12/8/17 11:21","12/8/17 11:22","2213",NA
396,132771,"2912",NA,"12SPlizzie","noSchool","CEFDAHGB","5/23/18 11:44",3477,"G",1,"The lady got scared when the strange man approached her but he was just asking for the time",1,"1",1,0,"5/23/18 11:57",6369,"FASCPILOT2",1976,15812,"vstfnoctvqivkd8u8avqmrlll4","pub_~DRX7B2Fg4","5/23/18 11:44","5/23/18 11:44","2912",NA
472,133183,"3209",NA,"12SPlizzie","noSchool","ABCEGDFH","6/7/18 12:37",4105,"G",1,"She is scared the guy is trying to harm her",1,"1",1,1,"6/7/18 12:42",2298,"FASCPILOT2",1976,16626,"ci26fiqoummej1dlar6udmm4l3","pub_92FQp2s3HI","6/7/18 12:37","6/7/18 12:37","3209",NA
354,121006,"2306",NA,"12SPlizzie","noSchool","HABGCDEF","12/13/17 11:42",3077,"G",1,"I have no idea what this is about.",NA,NA,NA,NA,"12/13/17 11:44",1687,"FASCPILOT2",1976,14374,"4t0ddjh4ccqej4riagdtim1oj0","pub_qpPZWpZpyY","12/13/17 11:41","12/13/17 11:41","2306",NA
345,120881,"2204",NA,"12SPlizzie","noSchool","CEBFAHGD","12/8/17 12:39",3020,"G",1,"The lady must've been scared since she didn't know thee guy was coming towards her and reacted the way she did",1,"2",1,0,"12/8/17 12:46",3559,"FASCPILOT2",1976,14247,"d6ssemjet63jgaiqgq86mo2422","pub_8py63J0zxo","12/8/17 12:39","12/8/17 12:39","2204",NA
386,132761,"2917",NA,"12SPlizzie","noSchool","FCHBDAGE","5/23/18 11:14",3420,"G",1,"She was scared that the man would rob her because it is late at night.",1,"1",1,1,"5/23/18 11:28",1643,"FASCPILOT2",1976,15774,"6vk1gr0db2t1t32ubdpgb5jo60","pub_sIykpjeAPx","5/23/18 11:14","5/23/18 11:14","2917",NA
353,121005,"2309",NA,"12SPlizzie","noSchool","GCAHDFEB","12/13/17 11:41",3073,"G",1,"The reason the lady acted in that is because of the area she was unsafe and late at night and having someone walk up to you in that setting would make anyone terrifiyed
",1,"1",1,0,"12/13/17 11:43",3883,"FASCPILOT2",1976,14372,"he1c7vb2vju738i2etsvh1vqe7","pub_-jNHOHD@o0","12/13/17 11:41","12/13/17 11:41","2309",NA
375,129434,"JEB_TEST_7",NA,"12SPlizzie","noSchool","ACEDHBGF","4/17/18 15:29",3291,"G",1,NA,NA,NA,NA,NA,"4/17/18 15:30",1349,"FASCPILOT2",1976,15077,"l8m37se9f36npqs429t6lep723","pub_-ZedS2Rp54","4/17/18 15:28","4/17/18 15:29","JEB_TEST_7",NA
406,133035,"3026",NA,"12SPlizzie","noSchool","GBHACEDF","6/4/18 10:29",3561,"G",2,"The lady may react as if her life is in danger because she may be scared by the idea of seeing a broken glass in the middle of the night, as something may have occurred involving the man who is running towards her.",1,"1",0,1,"6/4/18 10:35",2503,"FASCPILOT2",1976,15980,"fr789mvhv8p2puluh70jbsnpm2","pub_IbpoGPeI8G","6/4/18 10:29","6/4/18 10:29","3026",NA
460,133170,"3218",NA,"12SPlizzie","noSchool","GCAFDBEH","6/7/18 11:20",4036,"G",2,"did't want to get mug",1,"1",1,0,"6/7/18 11:22",2996,"FASCPILOT2",1976,16588,"76epsmgvnjpev7j032dnmdurq2","pub_PxYC97HEDu","6/7/18 11:20","6/7/18 11:20","3218",1
469,133180,"2303",NA,"12SPlizzie","noSchool","FGACBEHD","6/7/18 12:37",4088,"G",2,NA,NA,NA,NA,NA,"6/7/18 12:41",2702,"FASCPILOT2",1976,14388,"47b408el5fneqpob850hlos9i6","pub_BKb-HRVwzC","12/13/17 12:41","12/13/17 12:41","2303",NA
461,133172,"3212",NA,"12SPlizzie","noSchool","ABCHFEGD","6/7/18 12:36",4112,"G",1,"She is scared of the guy because she thinks hes going to rob her and mug her.",1,"2",1,1,"6/7/18 12:43",1491,"FASCPILOT2",1976,16619,"dqi7l5igjk4gt6lgii9fn0fce1","pub_j_kJ_6IYIA","6/7/18 12:36","6/7/18 12:36","3212",NA
445,133135,"3101",NA,"12SPlizzie","noSchool","BCADHGFE","6/6/18 12:44",3928,"G",1,"It was late at night and she was alone. She had assumed the man going after him was going to rob him.",1,"1",1,1,"6/6/18 12:55",1709,"FASCPILOT2",1976,16413,"oi4dd17jltmks9qqlag73f73o7","pub_e6b-uGG0aV","6/6/18 12:44","6/6/18 12:44","3101",NA
460,133170,"3218",NA,"12SPlizzie","noSchool","GCAFDBEH","6/7/18 11:20",4035,"G",1,"she fearful",NA,NA,NA,NA,"6/7/18 11:21",7998,"FASCPILOT2",1976,16635,"tff2tru6h4uspk50roqhpu9lu1","pub_CW~r@4Uhqk","6/7/18 12:40","6/7/18 12:40","3218",1
330,120864,"2206",NA,"12SPlizzie","noSchool","EBHCGFDA","12/8/17 11:10",2864,"G",2,"She thinks the shady guy might rob, murder and/or kidnap her
",1,"1",1,1,"12/8/17 11:17",1163,"FASCPILOT2",1976,14214,"ig2t7vd8av1ejgrat0fbdu1bs6","pub_zwHOyQKdT_","12/8/17 11:10","12/8/17 11:10","2206",NA
448,133138,"3112",NA,"12SPlizzie","noSchool","DBHECAGF","6/6/18 12:53",3949,"G",1,"She is scared because she is walking in the dark and she thought the man was going to hurt her. ",1,"2",1,1,"6/6/18 13:00",1284,"FASCPILOT2",1976,16419,"tmdla8cakh4fp01mrng9cgk6s1","pub_TRrkcAV5tw","6/6/18 12:52","6/6/18 12:53","3112",1
399,133028,"3022",NA,"12SPlizzie","noSchool","ECBGDFHA","6/4/18 10:11",3508,"G",1,"she does not know what the man running a her wants on a dark street.",1,"2",1,0,"6/4/18 10:17",1230,"FASCPILOT2",1976,15941,"ggkcldho2mtr08676j85dnn2e7","pub_6-bMv3IYRl","6/4/18 10:11","6/4/18 10:11","3022",NA
341,120877,"2211",NA,"12SPlizzie","noSchool","FCABHDGE","12/8/17 12:33",3026,"G",2,"She is sick.",1,"0",0,0,"12/8/17 12:47",1627,"FASCPILOT2",1976,14241,"aqclvgvfeilr1lr69k748trj96","pub_mZ-ss1IgRU","12/8/17 12:33","12/8/17 12:33","2211",NA
437,133125,"3123",NA,"12SPlizzie","noSchool","EFBCDHGA","6/6/18 10:37",3838,"G",1,"The lady thought the man going towards her was a thieve because of how he looked and what he was wearing",1,"1",1,1,"6/6/18 10:45",1585,"FASCPILOT2",1976,16281,"3v21pfqmp9s39bien6u66in2j7","pub_5ARhPNZLxe","6/6/18 10:37","6/6/18 10:37","3123",NA
448,133138,"3112",NA,"12SPlizzie","noSchool","DBHECAGF","6/6/18 12:53",3949,"G",1,"She is scared because she is walking in the dark and she thought the man was going to hurt her. ",NA,NA,NA,NA,"6/6/18 13:00",1284,"FASCPILOT2",1976,16430,"u4k9vakfhd95qqjkrtc2djpk00","pub_pob89EygF2","6/6/18 13:04","6/6/18 13:04","3112",1
334,120868,"2201",NA,"12SPlizzie","noSchool","GDECHBAF","12/8/17 11:19",2881,"G",1,"she thinks the guy will hurt her",1,"1",1,1,"12/8/17 11:19",6909,"FASCPILOT2",1976,14222,"0lvj70r2pu6sqspt2i4mj701d5","pub_lZf9V4D3iI","12/8/17 11:18","12/8/17 11:18","2201",NA
335,120869,"0",NA,"12SPlizzie","noSchool","ABHGDEFC","12/8/17 11:20",2892,"G",1,"asdf",NA,NA,NA,NA,"12/8/17 11:20",569,"FASCPILOT2",1976,14221,"q8qlkgsrcskp4segcuhqlg1b23","pub_D8NIZkItkK","12/8/17 11:18","12/8/17 11:18","0",NA
443,133132,"3018",NA,"12SPlizzie","noSchool","AHDBCEFG","6/6/18 12:40",3901,"G",1,"Because she got scared and thought that the man was going to harm her.",NA,NA,NA,NA,"6/6/18 12:47",1928,"FASCPILOT2",1976,16404,"83416p2o9jg42e01vp3k4f8ou1","pub_Nblz_c4ekG","6/6/18 12:39","6/6/18 12:39","3018",NA
470,133181,"3202",NA,"12SPlizzie","noSchool","HBAFEGCD","6/7/18 12:37",4117,"G",1,NA,NA,NA,NA,NA,"6/7/18 12:44",2387,"FASCPILOT2",1976,16628,"kumlkotdvetn92v8as1ke5b3l1","pub_CS-0CJ5tsU","6/7/18 12:37","6/7/18 12:37","3202",NA
421,133051,"3005",NA,"12SPlizzie","noSchool","FDHCGBEA","6/4/18 11:46",3698,"G",1,"the lady gets scared when she sees that man run past her., its nighttime so she probably suspected that he was going to rob her although it was just to ask for the time",1,"1",1,1,"6/4/18 11:52",1092,"FASCPILOT2",1976,16067,"gigkdveo6ta2b9cn26ql7s1cq6","pub_yxDfDtvfug","6/4/18 11:46","6/4/18 11:46","3005",1
385,132760,"2918",NA,"12SPlizzie","noSchool","DBAGEFCH","5/23/18 11:13",3378,"G",1,"she was walking and she saw the guy coming to her slowly she scared she thought he is a bad person but he just to ask the time maybe.",1,"2",1,0,"5/23/18 11:18",4382,"FASCPILOT2",1976,15772,"r366k0c6l4d6olv32fdbeht670","pub_tH45wFt5lR","5/23/18 11:12","5/23/18 11:13","2918",NA
352,121004,"2310",NA,"12SPlizzie","noSchool","DEFBGACH","12/13/17 11:41",3109,"H",1,"From the looks on their face, it seems like they want to embarrass the kid.",1,"2",1,1,"12/13/17 11:48",1469,"FASCPILOT2",1976,14373,"5ie6grdh1dkgcfpvabrmo2p0e0","pub_n9jVmuxp9J","12/13/17 11:41","12/13/17 11:41","2310",NA
361,121017,"2302",NA,"12SPlizzie","noSchool","FHCBAGDE","12/13/17 12:52",3171,"H",1,"They think he's good.",1,"1",1,1,"12/13/17 12:57",1021,"FASCPILOT2",1976,14394,"j4s1bkmkt25bg0gggfatafq0s2","pub_bU8ItRxBmV","12/13/17 12:52","12/13/17 12:52","2302",NA
468,133179,"3210",NA,"12SPlizzie","noSchool","GHCFADBE","6/7/18 12:37",4060,"H",1,"they where finding a soccer team and included someone who was shy ",1,"1",1,0,"6/7/18 12:39",1338,"FASCPILOT2",1976,16622,"oo85jhl0re2drlvs1tivm5e3d7","pub__BJs@XuLvb","6/7/18 12:37","6/7/18 12:37","3210",1
359,121014,"2303",NA,"12SPlizzie","noSchool","CBGHEFDA","12/13/17 12:41",3164,"H",1,"They do this because they think that the other kid may not do so well.",1,"1",1,0,"12/13/17 12:55",2271,"FASCPILOT2",1976,14388,"47b408el5fneqpob850hlos9i6","pub_BKb-HRVwzC","12/13/17 12:41","12/13/17 12:41","2303",NA
428,133058,"3009",NA,"12SPlizzie","noSchool","BACDHEGF","6/4/18 12:55",3751,"H",1,"Mark and Kenny do what they do in the story because they don't want to make the boy feel lonely.",1,"2",1,1,"6/4/18 13:01",1231,"FASCPILOT2",1976,16140,"pba0eejopshof7737orbpppco5","pub_rh-mi~Ygwy","6/4/18 12:53","6/4/18 12:55","3009",1
401,133030,"3019",NA,"12SPlizzie","noSchool","GDECHFBA","6/4/18 10:11",3542,"H",1,"I feel as if Mark and Kenny did not choose tom on their team for support rather that they chose him to make fun of him ",1,"1",1,1,"6/4/18 10:28",1797,"FASCPILOT2",1976,15943,"aljbunp92f49q8ag278cor7gh6","pub_~Uiau55O97","6/4/18 10:11","6/4/18 10:11","3019",NA
343,120879,"2210",NA,"12SPlizzie","noSchool","GHAEBCFD","12/8/17 12:37",2974,"H",1,"Mark and Kenny do what they are shown to have done as a result of bullying, as they share a common distaste for the boy they chose to exclude, displaying possible anger, jealousy, or a need to be mean towards the boy.",1,"4",1,1,"12/8/17 12:41",1562,"FASCPILOT2",1976,14245,"5uok530ffd0c3uq631v1gad0i1","pub_8cyxL_6Pyp","12/8/17 12:37","12/8/17 12:37","2210",NA
351,121003,"2313",NA,"12SPlizzie","noSchool","AGCFDHBE","12/13/17 11:41",3087,"H",1,"Because they didn't want their reputation to be flushed down the toilet",1,"1",1,0,"12/13/17 11:45",1655,"FASCPILOT2",1976,14371,"ldun6a0ebk95icv1rnlmbospk1","pub_8de6ZsCTSB","12/13/17 11:41","12/13/17 11:41","2313",NA
378,129440,"JEB_TEST_10",NA,"12SPlizzie","noSchool","EFHDBGAC","4/17/18 15:35",3311,"H",1,"TEST_TEST_TEST",NA,NA,NA,NA,"4/17/18 15:36",26614,"FASCPILOT2",1976,15080,"gmhuc6ko6b6scijgt2koitkbc7","pub_GdBn-ItVsl","4/17/18 15:34","4/17/18 15:34","JEB_TEST_10",NA
383,132758,"2913",NA,"12SPlizzie","noSchool","GFCHADEB","5/23/18 10:30",3358,"H",1,"They picked a boy that looked like a nooby",1,"0",0,0,"5/23/18 10:36",1409,"FASCPILOT2",1976,15733,"f4nei50el4qabnacua2si65eq1","pub_dgiGhO1D~o","5/23/18 10:30","5/23/18 10:30","2913",NA
436,133124,"3124",NA,"12SPlizzie","noSchool","HGCFBDEA","6/6/18 10:34",3819,"H",1,"kenny was picking teams and mark saw that tom looked like a shy boy so they picked him to see his skills.",1,"1",1,0,"6/6/18 10:36",4065,"FASCPILOT2",1976,16276,"482c9iav5q0ls1d8n84eh088m5","pub_hAz61y7gjH","6/6/18 10:34","6/6/18 10:34","3124",NA
340,120876,"2214",NA,"12SPlizzie","noSchool","AHFGEBDC","12/8/17 12:31",2943,"H",1,"Mark and Kenny allow the other kid to be in their soccer team because they don't want to hurt his feelings, I assume.",1,"2",1,1,"12/8/17 12:37",2618,"FASCPILOT2",1976,14239,"bk68o4iraraa92lae1gu79mbt7","pub_ykRzLmzxp~","12/8/17 12:31","12/8/17 12:31","2214",NA
402,133031,"3021",NA,"12SPlizzie","noSchool","CBHAGDFE","6/4/18 10:12",3515,"H",1,"they didn't want the boy to feel bad about not being picked for a team",1,"2",1,1,"6/4/18 10:18",1099,"FASCPILOT2",1976,15944,"1nf5ms0v5pvn1rbmgehi8gtij4","pub_bwRrF@OlM3","6/4/18 10:11","6/4/18 10:11","3021",NA
465,133176,"3211",NA,"12SPlizzie","noSchool","GFDCABEH","6/7/18 12:37",4202,"H",1,"they put the boy tom on the team maybe just to make a fool out of him and embaress him.",1,"2",1,1,"6/7/18 12:52",2312,"FASCPILOT2",1976,16627,"q52nhfpanc57d6rqqi8e86rfn1","pub_P3wpF_JsFJ","6/7/18 12:36","6/7/18 12:37","3211",NA
442,133131,"3110",NA,"12SPlizzie","noSchool","EHGABFCD","6/6/18 12:32",3878,"H",1,"To make fun of him",1,"1",1,1,"6/6/18 12:33",1611,"FASCPILOT2",1976,16394,"78e0aqa9fidnq9f3m5kd2ne2i6","pub_giBHUYCszh","6/6/18 12:31","6/6/18 12:31","3110",NA
433,133119,"3122",NA,"12SPlizzie","noSchool","FCDABEGH","6/6/18 10:14",3814,"H",1,"They did what they did to make fun of Tom and make him seem as if he was good enough for the team.",1,"1",1,1,"6/6/18 10:32",1370,"FASCPILOT2",1976,16249,"qsu60cal0j3shtbfbh11n1qsg6","pub_OFUM7EKGyC","6/6/18 10:14","6/6/18 10:14","3122",NA
403,133032,"3015",NA,"12SPlizzie","noSchool","FCDBEAHG","6/4/18 10:12",3528,"H",1,"Two boys are choosing players for there team and one of them points at a boy and they pick him.",1,"0",0,0,"6/4/18 10:22",1660,"FASCPILOT2",1976,15946,"mieif845nui57eesteg53eepk2","pub_-iktCvRtJr","6/4/18 10:12","6/4/18 10:12","3015",NA
350,121002,"2314",NA,"12SPlizzie","noSchool","ACEGBFDH","12/13/17 11:41",3123,"H",1,"They want to include Tom in the soccer game! They see that he actively wants to participate.",1,"2",1,1,"12/13/17 11:53",1160,"FASCPILOT2",1976,14370,"hoo5p2o1eq9o7ln3ncopq53hv2","pub_QE6K6eptu1","12/13/17 11:40","12/13/17 11:41","2314",NA
422,133052,"3001",NA,"12SPlizzie","noSchool","CBDHGAEF","6/4/18 11:57",3706,"H",1,"kenny and Mark put Tom purposefully on a team that they believe he won't like",1,"2",1,0,"6/4/18 12:03",1471,"FASCPILOT2",1976,16081,"656agm2d5ftef1r4pa36gsfbn6","pub_BAxLs34pY1","6/4/18 11:57","6/4/18 11:57","3001",NA
434,133120,"3118",NA,"12SPlizzie","noSchool","AEGCBHFD","6/6/18 10:15",3807,"H",2,"Mark and Kenny might have wanted to mess with him in a way.",1,"2",1,1,"6/6/18 10:29",818,"FASCPILOT2",1976,16250,"ftogkpufqs18rakhram9s4mbs6","pub_ION~fw_i6t","6/6/18 10:14","6/6/18 10:14","3118",1
437,133125,"3123",NA,"12SPlizzie","noSchool","EFBCDHGA","6/6/18 10:37",3835,"H",1,"It seems that Mark and Kenny choose that boy for some type of trick or something telling by there facial experssions",1,"0",0,1,"6/6/18 10:44",1553,"FASCPILOT2",1976,16281,"3v21pfqmp9s39bien6u66in2j7","pub_5ARhPNZLxe","6/6/18 10:37","6/6/18 10:37","3123",NA
443,133132,"3018",NA,"12SPlizzie","noSchool","AHDBCEFG","6/6/18 12:40",3888,"H",1,"I think Mark and Kenny do what they did in the comic because Tom probably doesn't get picked on often to be on the soccer team.",1,"0",0,1,"6/6/18 12:42",822,"FASCPILOT2",1976,16028,"rln6art2rocuj92p286uttl8p2","pub_clb3HQ-LoB","6/4/18 11:20","6/4/18 11:20","3018",NA
380,132754,"2914",NA,"12SPlizzie","noSchool","DCFHGEAB","5/23/18 10:07",3333,"H",2,"Mark and Kenny picked Tom to play because they wanted to take advantage of Tom. He isn't as fit as the other kids, so they knew that they can take advantage of him since he seemed less athletic as the other kids.",1,"3",1,1,"5/23/18 10:15",666,"FASCPILOT2",1976,15698,"i7vfejlvq0up2g0c5l759fj0m4","pub_LpZOe~5~g~","5/23/18 10:07","5/23/18 10:07","2914",NA
450,133140,"3109",NA,"12SPlizzie","noSchool","GHACFBED","6/6/18 12:55",3937,"H",1,"They did that because they wanted to pick on him so they didn't pick him. That made him sad",1,"3",1,1,"6/6/18 12:57",1574,"FASCPILOT2",1976,16422,"kvanpgm77fa64na654jti28c90","pub_njSvAJWQaa","6/6/18 12:54","6/6/18 12:54","3109",NA
405,133034,"3024",NA,"12SPlizzie","noSchool","DAFCHEBG","6/4/18 10:27",3563,"H",1,"Mark and kenny are playing soccer and pick tom to be on their team. To me it looks like they might do something mean or bad to him due to their facial expressions.",1,"1",1,1,"6/4/18 10:35",2201,"FASCPILOT2",1976,15976,"jkfsngbb3ugje31hiok4s80806","pub_hwTAMeUfzw","6/4/18 10:27","6/4/18 10:27","3024",NA
343,120879,"2210",NA,"12SPlizzie","noSchool","GHAEBCFD","12/8/17 12:37",2983,"H",2,"Mark and Kenny may do what they are shown to have done to intentionally exclude him, as a possible result of a falling-out or negative feelings towards him.",1,"1",1,1,"12/8/17 12:42",1578,"FASCPILOT2",1976,14245,"5uok530ffd0c3uq631v1gad0i1","pub_8cyxL_6Pyp","12/8/17 12:37","12/8/17 12:37","2210",NA
407,133036,"3027",NA,"12SPlizzie","noSchool","ACGFHBED","6/4/18 10:30",3560,"H",1,"they didnt want tom to feel bad so they choose him first",1,"2",1,1,"6/4/18 10:34",1807,"FASCPILOT2",1976,15982,"v527cipd76jeh05ejsa8d9n166","pub_T4_W8~3Iax","6/4/18 10:29","6/4/18 10:29","3027",NA
446,133136,"3104",NA,"12SPlizzie","noSchool","GHFECADB","6/6/18 12:45",3897,"H",1,"Because maybe they felt bad for him",1,"1",1,0,"6/6/18 12:47",2017,"FASCPILOT2",1976,16411,"vh38uolpnc8586le7s904c0a32","pub_msIR@pZvy~","6/6/18 12:44","6/6/18 12:44","3104",1
468,133179,"3210",NA,"12SPlizzie","noSchool","GHCFADBE","6/7/18 12:37",4070,"H",2,"they might of choice the boy because they wanted to pick and homiluate him",1,"3",1,1,"6/7/18 12:40",9753,"FASCPILOT2",1976,16622,"oo85jhl0re2drlvs1tivm5e3d7","pub__BJs@XuLvb","6/7/18 12:37","6/7/18 12:37","3210",1
384,132759,"2916",NA,"12SPlizzie","noSchool","FECGAHDB","5/23/18 10:33",3368,"H",2,"So they not let him play in the games and let him sit down.",1,"0",0,0,"5/23/18 10:40",618,"FASCPILOT2",1976,15736,"5m70nqrk201jmqc8v5kjv4mmk1","pub_bTRQpZB6go","5/23/18 10:33","5/23/18 10:33","2916",NA
349,120885,"2212",NA,"12SPlizzie","noSchool","BFADHECG","12/8/17 12:47",3043,"H",1,"They want to include him in the teams.",1,"1",1,1,"12/8/17 12:51",1293,"FASCPILOT2",1976,14258,"237cam49h7g50a2o1jjc5tdhp3","pub_PMGG2PtLJT","12/8/17 12:47","12/8/17 12:47","2212",NA
375,129434,"JEB_TEST_7",NA,"12SPlizzie","noSchool","ACEDHBGF","4/17/18 15:29",3288,"H",2,"TEST_TEST_TEST",NA,NA,NA,NA,"4/17/18 15:30",240,"FASCPILOT2",1976,15077,"l8m37se9f36npqs429t6lep723","pub_-ZedS2Rp54","4/17/18 15:28","4/17/18 15:29","JEB_TEST_7",NA
415,133044,"3016",NA,"12SPlizzie","noSchool","GACFBHDE","6/4/18 11:11",3683,"H",1,"Mark and Kenny do what they do in this story because they wanted to make a fool of himself by playing on the team and showing the others that he can't play well.",1,"2",1,1,"6/4/18 11:35",1545,"FASCPILOT2",1976,16014,"giqk2arsj4f1eomm30hqn73mr3","pub_erK6Py-Qyl","6/4/18 11:10","6/4/18 11:10","3016",1
448,133138,"3112",NA,"12SPlizzie","noSchool","DBHECAGF","6/6/18 12:53",3938,"H",1,"Mark recommends Kenny to pick Tom because they are probably friends. ",1,"0",0,0,"6/6/18 12:57",1822,"FASCPILOT2",1976,16419,"tmdla8cakh4fp01mrng9cgk6s1","pub_TRrkcAV5tw","6/6/18 12:52","6/6/18 12:53","3112",1
448,133138,"3112",NA,"12SPlizzie","noSchool","DBHECAGF","6/6/18 12:53",3938,"H",1,"Mark recommends Kenny to pick Tom because they are probably friends. ",NA,NA,NA,NA,"6/6/18 12:57",1822,"FASCPILOT2",1976,16430,"u4k9vakfhd95qqjkrtc2djpk00","pub_pob89EygF2","6/6/18 13:04","6/6/18 13:04","3112",1
